data,Brasília,Campo Grande,Cuiabá,Goiânia,Belo Horizonte,Rio de Janeiro,São Paulo,Vitória,Curitiba,Florianópolis,Porto Alegre,Belém,Boa Vista,Macapá,Manaus,Palmas,Porto Velho,Rio Branco,Aracaju,Fortaleza,João Pessoa,Maceió,Natal,Recife,Salvador,São Luís,Teresina,Macaé
01-1980,NA,NA,NA,NA,1806.03,NA,1881.84,NA,NA,NA,1824.85,NA,NA,NA,NA,NA,NA,NA,NA,NA,NA,NA,NA,NA,NA,NA,NA,NA
02-1980,NA,NA,NA,NA,1830.25,NA,1885.43,NA,NA,NA,1827.32,NA,NA,NA,NA,NA,NA,NA,NA,NA,NA,NA,NA,NA,NA,NA,NA,NA
03-1980,NA,NA,NA,NA,1853.06,NA,1908.74,NA,NA,NA,1826.95,NA,NA,NA,NA,NA,NA,NA,NA,NA,NA,NA,NA,NA,NA,NA,NA,NA
04-1980,NA,NA,NA,NA,2067.78,NA,2165.06,NA,NA,NA,2027.2,NA,NA,NA,NA,NA,NA,NA,NA,NA,NA,NA,NA,NA,NA,NA,NA,NA
05-1980,NA,NA,NA,NA,2150.55,NA,2257.02,NA,NA,NA,2022.63,NA,NA,NA,NA,NA,NA,NA,NA,NA,NA,NA,NA,NA,NA,NA,NA,NA
06-1980,NA,NA,NA,NA,2303.77,NA,2298.06,NA,NA,NA,2197.43,NA,NA,NA,NA,NA,NA,NA,NA,NA,NA,NA,NA,NA,NA,NA,NA,NA
07-1980,NA,NA,NA,NA,2431.89,NA,2581.41,NA,NA,NA,2469.59,NA,NA,NA,NA,NA,NA,NA,NA,NA,NA,NA,NA,NA,NA,NA,NA,NA
08-1980,NA,NA,NA,NA,2557.55,NA,2743.66,NA,NA,NA,2651.83,NA,NA,NA,NA,NA,NA,NA,NA,NA,NA,NA,NA,NA,NA,NA,NA,NA
09-1980,NA,NA,NA,NA,2624.47,NA,3020.94,NA,NA,NA,2838.27,NA,NA,NA,NA,NA,NA,NA,NA,NA,NA,NA,NA,NA,NA,NA,NA,NA
10-1980,NA,NA,NA,NA,3083.05,NA,3455.39,NA,NA,NA,3128.56,NA,NA,NA,NA,NA,NA,NA,NA,NA,NA,NA,NA,NA,NA,NA,NA,NA
11-1980,NA,NA,NA,NA,3309.05,NA,3758.68,NA,NA,NA,3467.37,NA,NA,NA,NA,NA,NA,NA,NA,NA,NA,NA,NA,NA,NA,NA,NA,NA
12-1980,NA,NA,NA,NA,3412.51,NA,3784.52,NA,NA,NA,3481.58,NA,NA,NA,NA,NA,NA,NA,NA,NA,NA,NA,NA,NA,NA,NA,NA,NA
01-1981,NA,NA,NA,NA,3604.77,NA,3876.89,NA,NA,NA,3730.97,NA,NA,NA,NA,NA,NA,NA,NA,NA,NA,NA,NA,NA,NA,NA,NA,NA
02-1981,NA,NA,NA,NA,3878.32,NA,3970.3,NA,NA,NA,NA,NA,NA,NA,NA,NA,NA,NA,NA,NA,NA,NA,NA,NA,NA,NA,NA,NA
03-1981,NA,NA,NA,NA,4278.89,NA,4379.06,NA,NA,NA,4156.35,NA,NA,NA,NA,NA,NA,NA,NA,NA,NA,NA,NA,NA,NA,NA,NA,NA
04-1981,NA,NA,NA,NA,4256.83,NA,4689.86,NA,NA,NA,4497.21,NA,NA,NA,NA,NA,NA,NA,NA,NA,NA,NA,NA,NA,NA,NA,NA,NA
05-1981,NA,NA,NA,NA,4328.92,NA,4515.33,NA,NA,NA,4458.96,NA,NA,NA,NA,NA,NA,NA,NA,NA,NA,NA,NA,NA,NA,NA,NA,NA
06-1981,NA,NA,NA,NA,4199.65,NA,4450.3,NA,NA,NA,4542.75,NA,NA,NA,NA,NA,NA,NA,NA,NA,NA,NA,NA,NA,NA,NA,NA,NA
07-1981,NA,NA,NA,NA,4137.81,NA,4440.27,NA,NA,NA,4678.09,NA,NA,NA,NA,NA,NA,NA,NA,NA,NA,NA,NA,NA,NA,NA,NA,NA
08-1981,NA,NA,NA,NA,4446.17,NA,5091.26,NA,NA,NA,5076.59,NA,NA,NA,NA,NA,NA,NA,NA,NA,NA,NA,NA,NA,NA,NA,NA,NA
09-1981,NA,NA,NA,NA,4777.74,NA,5803.5,NA,NA,NA,5328.41,NA,NA,NA,NA,NA,NA,NA,NA,NA,NA,NA,NA,NA,NA,NA,NA,NA
10-1981,NA,NA,NA,NA,5043.57,NA,6112.5,NA,NA,NA,5599.14,NA,NA,NA,NA,NA,NA,NA,NA,NA,NA,NA,NA,NA,NA,NA,NA,NA
11-1981,NA,NA,NA,NA,5273.74,NA,5982.03,NA,NA,NA,5283.51,NA,NA,NA,NA,NA,NA,NA,NA,NA,NA,NA,NA,NA,NA,NA,NA,NA
12-1981,NA,NA,NA,NA,5335.11,NA,6025.68,NA,NA,NA,5348.97,NA,NA,NA,NA,NA,NA,NA,NA,NA,NA,NA,NA,NA,NA,NA,NA,NA
01-1982,NA,NA,NA,NA,5584.71,NA,6261.02,NA,NA,NA,5842.79,NA,NA,NA,NA,NA,NA,NA,NA,NA,NA,NA,NA,NA,NA,NA,NA,NA
02-1982,NA,NA,NA,NA,6039.67,NA,6533.95,NA,NA,NA,6247.44,NA,NA,NA,NA,NA,NA,NA,NA,NA,NA,NA,NA,NA,NA,NA,NA,NA
03-1982,NA,NA,NA,NA,6164.29,NA,6832.79,NA,NA,NA,6732.26,NA,NA,NA,NA,NA,NA,NA,NA,NA,NA,NA,NA,NA,NA,NA,NA,NA
04-1982,NA,NA,NA,NA,6697.88,NA,7130.43,NA,NA,NA,7056.51,NA,NA,NA,NA,NA,NA,NA,NA,NA,NA,NA,NA,NA,NA,NA,NA,NA
05-1982,NA,NA,NA,NA,7080.57,NA,7679.21,NA,NA,NA,7122.93,NA,NA,NA,NA,NA,NA,NA,NA,NA,NA,NA,NA,NA,NA,NA,NA,NA
06-1982,NA,NA,NA,NA,7656.98,NA,8425.5,NA,NA,NA,8356.29,NA,NA,NA,NA,NA,NA,NA,NA,NA,NA,NA,NA,NA,NA,NA,NA,NA
07-1982,NA,NA,NA,NA,8513.44,NA,9504.59,NA,NA,NA,9604.4,NA,NA,NA,NA,NA,NA,NA,NA,NA,NA,NA,NA,NA,NA,NA,NA,NA
08-1982,NA,NA,NA,NA,8752.35,NA,9977.35,NA,NA,NA,9973.16,NA,NA,NA,NA,NA,NA,NA,NA,NA,NA,NA,NA,NA,NA,NA,NA,NA
09-1982,NA,NA,NA,NA,9092.14,NA,10288.89,NA,NA,NA,10375.86,NA,NA,NA,NA,NA,NA,NA,NA,NA,NA,NA,NA,NA,NA,NA,NA,NA
10-1982,NA,NA,NA,NA,9299.6,NA,10405.13,NA,NA,NA,10420.24,NA,NA,NA,NA,NA,NA,NA,NA,NA,NA,NA,NA,NA,NA,NA,NA,NA
11-1982,NA,NA,NA,NA,9925,NA,10867.88,NA,NA,NA,10531.16,NA,NA,NA,NA,NA,NA,NA,NA,NA,NA,NA,NA,NA,NA,NA,NA,NA
12-1982,NA,NA,NA,NA,11169.45,NA,12502.92,NA,NA,NA,11055.54,NA,NA,NA,NA,NA,NA,NA,NA,NA,NA,NA,NA,NA,NA,NA,NA,NA
01-1983,NA,NA,NA,NA,12258.88,12001.33,13231.31,NA,NA,NA,12023.08,NA,NA,NA,NA,NA,NA,NA,NA,NA,NA,NA,NA,NA,NA,NA,NA,NA
02-1983,NA,NA,NA,NA,13293.19,13580.42,14792.47,NA,NA,NA,12655.34,NA,NA,NA,NA,NA,NA,NA,NA,NA,NA,NA,NA,NA,NA,NA,NA,NA
03-1983,NA,NA,NA,NA,15129.09,15272.33,16708.15,NA,NA,NA,14760.51,NA,NA,NA,NA,NA,NA,NA,NA,NA,NA,NA,NA,NA,NA,NA,NA,NA
04-1983,NA,NA,NA,NA,17470.64,17441.04,19408.99,NA,NA,NA,16697.87,NA,NA,NA,NA,NA,NA,NA,NA,NA,NA,NA,NA,NA,13491.98,NA,NA,NA
05-1983,NA,NA,NA,NA,17485.42,17091.65,19203.23,NA,NA,NA,16640.3,NA,NA,NA,NA,NA,NA,NA,NA,NA,NA,NA,NA,NA,13361.44,NA,NA,NA
06-1983,NA,NA,NA,NA,19423.33,18301.58,21027.23,NA,19719.59,NA,18963.99,NA,NA,NA,NA,NA,NA,NA,NA,NA,NA,NA,NA,NA,15001.16,NA,NA,NA
07-1983,NA,NA,NA,NA,22861.11,21554.36,24919.46,NA,23523.32,NA,22965.9,NA,NA,NA,NA,NA,NA,NA,NA,NA,NA,NA,NA,NA,18849.44,NA,NA,NA
08-1983,NA,NA,NA,NA,26036,24799.17,27685.92,NA,26371.09,NA,26348.45,NA,NA,NA,NA,NA,NA,NA,NA,NA,NA,NA,NA,NA,20202.83,NA,NA,NA
09-1983,NA,NA,NA,NA,30595.09,29005.35,35637.48,NA,34389.58,NA,32741.29,NA,NA,NA,NA,NA,NA,NA,NA,NA,NA,NA,NA,NA,22789.54,NA,NA,NA
10-1983,NA,NA,NA,NA,32766.85,30421.73,38496.8,NA,34561.13,NA,34086.05,NA,NA,NA,NA,NA,NA,NA,NA,NA,NA,NA,NA,NA,27229.5,NA,NA,NA
11-1983,NA,NA,NA,NA,34533.55,31124.85,38814.59,NA,35485.54,NA,33493.57,NA,NA,NA,NA,NA,NA,NA,NA,NA,NA,NA,NA,NA,28331.33,NA,NA,NA
12-1983,NA,NA,NA,NA,38013.87,32728.01,39351.01,NA,35193.58,NA,34127.83,NA,NA,NA,NA,NA,NA,NA,NA,NA,NA,NA,NA,NA,29381.83,NA,NA,NA
01-1984,NA,NA,NA,NA,NA,36036.78,40957.39,NA,36710.96,NA,39193.72,NA,NA,NA,NA,NA,NA,NA,NA,NA,NA,NA,NA,NA,32539.25,NA,NA,NA
02-1984,NA,NA,NA,NA,43045.21,38927.11,46097.17,NA,40591.31,NA,43370.71,NA,NA,NA,NA,NA,NA,NA,NA,NA,NA,NA,NA,NA,37738.66,NA,NA,NA
03-1984,NA,NA,NA,NA,53170.78,46109.68,54759.82,NA,47089.56,NA,50496.08,NA,NA,NA,NA,NA,NA,NA,NA,NA,NA,NA,NA,NA,44704.78,NA,NA,NA
04-1984,NA,NA,NA,NA,61648.52,50644.81,64498.8,NA,57458.28,NA,57263.35,NA,NA,NA,NA,NA,NA,NA,NA,NA,NA,NA,NA,NA,51759.3,NA,NA,NA
05-1984,NA,NA,NA,NA,66056.3,52621.73,66033.78,NA,58169.52,NA,56000.17,NA,NA,NA,NA,NA,NA,NA,NA,NA,NA,NA,NA,NA,57626.26,NA,NA,NA
06-1984,NA,NA,NA,NA,65851.72,57363.63,66115.73,NA,59918.37,NA,65296.25,NA,NA,NA,NA,NA,NA,NA,NA,NA,NA,NA,NA,NA,59367.81,NA,NA,NA
07-1984,NA,NA,NA,NA,69054.82,59598.19,69612.19,NA,63810.78,NA,70129.88,NA,NA,NA,NA,NA,NA,NA,NA,NA,NA,NA,NA,NA,59324.93,NA,NA,NA
08-1984,NA,NA,NA,NA,69668,68927.86,77107.08,NA,74817.93,NA,80469.92,NA,NA,NA,NA,NA,NA,NA,NA,NA,NA,NA,NA,NA,60881.23,NA,NA,NA
09-1984,NA,NA,NA,NA,88658.04,81567.29,93221.17,NA,89131.82,NA,95102.89,NA,NA,NA,NA,NA,NA,NA,NA,NA,NA,NA,NA,NA,72489.66,NA,NA,NA
10-1984,NA,NA,NA,NA,95657.19,88892.16,101632.5,NA,101910.03,NA,105968.65,NA,NA,NA,NA,NA,NA,NA,NA,NA,NA,NA,NA,NA,78863.72,NA,NA,NA
11-1984,NA,NA,NA,NA,101293.58,97569.93,108331.82,NA,108937.24,NA,115044.23,NA,NA,NA,NA,NA,NA,NA,NA,NA,NA,NA,NA,NA,81589.26,NA,NA,NA
12-1984,NA,NA,NA,NA,108018.3,109873.05,115902.9,NA,115930.35,NA,120358.35,NA,NA,NA,NA,NA,NA,NA,NA,NA,NA,NA,NA,NA,90239.9,NA,NA,NA
01-1985,NA,NA,NA,NA,119661.9,124266.4,125281.3,NA,124670.25,NA,132453.45,NA,NA,NA,NA,NA,NA,NA,NA,NA,NA,NA,NA,NA,103715.25,NA,NA,NA
02-1985,NA,NA,NA,NA,129152.65,140056.25,135486.05,NA,130726.5,NA,143285.4,NA,NA,NA,NA,NA,NA,NA,NA,NA,NA,NA,NA,NA,120239,NA,NA,NA
03-1985,NA,NA,NA,NA,137406.5,144441.1,146801.05,NA,139396.5,NA,159904.8,NA,NA,NA,NA,NA,NA,NA,NA,NA,NA,NA,NA,NA,132558.3,NA,NA,NA
04-1985,NA,NA,NA,NA,141818.7,149887.65,152260.45,NA,152838.6,NA,166700.55,NA,NA,NA,NA,NA,NA,NA,NA,NA,NA,NA,NA,NA,139045.4,NA,NA,NA
05-1985,NA,NA,NA,NA,154324.05,171165.25,167491.1,NA,168696.6,160445.55,185035.5,NA,NA,NA,NA,NA,NA,NA,NA,NA,NA,NA,NA,NA,155322,NA,NA,NA
06-1985,NA,NA,NA,NA,174080.7,185761.25,176079.3,NA,181915.35,174063.3,194325.6,NA,NA,NA,NA,NA,NA,NA,NA,NA,NA,NA,NA,NA,164316.75,NA,NA,NA
07-1985,NA,NA,NA,NA,211124.3,195998.15,209106.85,NA,217444.5,209480.7,229057.2,NA,NA,NA,NA,NA,NA,NA,NA,NA,NA,NA,NA,NA,192017.85,NA,NA,NA
08-1985,NA,NA,NA,NA,236778.8,236472.15,252155.25,NA,268036.05,253846.2,273505.95,NA,NA,NA,NA,NA,NA,NA,NA,NA,NA,NA,NA,NA,203731.75,NA,NA,NA
09-1985,NA,NA,NA,NA,253093.2,260880.3,281573.75,NA,289485.45,281154.6,282573.15,NA,NA,NA,NA,NA,NA,NA,NA,NA,NA,NA,NA,NA,227770.9,NA,NA,NA
10-1985,NA,NA,NA,NA,NA,289845.2,314247.9,NA,321488.7,292266,292842.75,NA,NA,NA,NA,NA,NA,NA,NA,NA,NA,NA,NA,NA,241300.6,NA,NA,NA
11-1985,NA,NA,NA,NA,353298.65,358992.2,390039.6,NA,390438.15,364872.3,355950.9,NA,NA,NA,NA,NA,NA,NA,NA,NA,NA,NA,NA,NA,314990.15,NA,NA,NA
12-1985,NA,NA,NA,NA,399347.7,374409.35,425684.5,NA,419464.95,415412.25,420468.6,NA,NA,NA,NA,NA,NA,NA,NA,NA,NA,NA,NA,NA,362931.8,NA,NA,NA
01-1986,494872.4,NA,NA,NA,488403.7,505701.7,529658.5,NA,498635.4,519203.55,533470.95,NA,NA,NA,NA,NA,NA,NA,NA,NA,NA,NA,NA,NA,417060.4,NA,NA,NA
02-1986,556032.45,NA,NA,NA,565282.1,585526.9,611242.6,NA,589825.05,626389.5,611280.15,NA,NA,NA,NA,NA,NA,NA,NA,NA,NA,NA,NA,NA,481912.7,NA,NA,NA
03-1986,558.62,NA,NA,NA,565.44,565.2,599.35,NA,589.9,583.67,608.18,NA,NA,NA,NA,NA,NA,NA,NA,NA,NA,NA,NA,NA,455.6,NA,NA,NA
04-1986,558.76,NA,NA,NA,596.66,572.61,615.6,NA,598.57,584.14,604.19,NA,NA,NA,NA,NA,NA,NA,NA,NA,NA,NA,NA,NA,471.06,NA,NA,NA
05-1986,564.58,NA,NA,NA,588.77,539.89,587.22,NA,574.4,571.76,602.95,NA,NA,NA,NA,NA,NA,NA,NA,NA,NA,NA,NA,NA,475.73,NA,NA,NA
06-1986,565.74,NA,NA,NA,563.01,538.59,565.07,NA,557.02,542.7,592.13,NA,NA,NA,NA,NA,NA,NA,NA,NA,NA,NA,NA,NA,452.35,NA,NA,NA
07-1986,570.01,NA,NA,NA,555.89,533.79,566.51,NA,560.54,541.14,573.61,NA,NA,NA,NA,NA,NA,NA,NA,NA,NA,NA,NA,NA,459.65,NA,NA,NA
08-1986,544.58,NA,NA,NA,553.5,534.87,566.06,NA,562.21,542.39,578.15,NA,NA,NA,NA,NA,NA,NA,NA,NA,NA,NA,NA,NA,445.95,NA,NA,NA
09-1986,546.96,NA,NA,NA,556.51,542.77,569.82,NA,573.18,553.74,584.54,NA,NA,NA,NA,NA,NA,NA,NA,446.1,NA,NA,NA,NA,463.74,NA,NA,NA
10-1986,567.26,NA,NA,NA,571.08,557.88,592.38,NA,589.97,559.08,594.66,NA,NA,NA,NA,NA,NA,NA,NA,472.93,NA,NA,NA,NA,525.62,NA,NA,NA
11-1986,583.53,NA,NA,NA,585.13,563.29,637.34,NA,590.17,562.02,604.39,NA,NA,NA,NA,NA,NA,NA,NA,503.72,NA,NA,NA,NA,617.72,NA,NA,NA
12-1986,597.7,NA,NA,NA,606.55,565.59,783.18,NA,637.37,560.66,610.97,NA,NA,NA,NA,NA,NA,NA,NA,557.65,NA,NA,NA,NA,646.05,NA,NA,NA
01-1987,807.71,NA,NA,NA,827.82,602.92,892.03,NA,710.03,686.29,708.13,NA,NA,NA,NA,NA,NA,NA,NA,683.75,NA,NA,NA,NA,716.76,NA,NA,NA
02-1987,920.61,NA,NA,NA,908.04,929.37,952.65,NA,925.99,900.29,927.75,NA,NA,NA,NA,NA,NA,NA,NA,734.18,NA,NA,NA,761.26,773.52,NA,NA,NA
03-1987,934.06,NA,NA,NA,945.19,930.77,949.47,NA,941.95,937.68,940.42,NA,NA,NA,NA,NA,NA,NA,NA,816.53,NA,NA,NA,796.55,792.11,NA,NA,NA
04-1987,1192.66,NA,NA,NA,1219.78,1128.25,1199.92,NA,1234.34,1194.94,1144.29,NA,NA,NA,NA,NA,NA,NA,NA,1090.03,NA,NA,NA,995.98,1009.99,NA,NA,NA
05-1987,1385.88,NA,NA,NA,1466.44,1392.21,1471.63,NA,1473.25,1444.94,1426.2,NA,NA,NA,NA,NA,NA,NA,NA,1247.51,NA,NA,NA,1214.37,1289.42,NA,NA,NA
06-1987,1547.45,NA,NA,NA,1641.54,1555.98,1662.15,NA,1629.34,1565.35,1621.34,NA,NA,NA,NA,NA,NA,NA,NA,1398.34,NA,NA,NA,1363.61,1411.36,NA,NA,NA
07-1987,1735.48,NA,NA,NA,1833.38,1739.11,1892.8,NA,1913.33,1818.34,1893.99,NA,NA,NA,NA,NA,NA,NA,NA,1557.9,NA,NA,NA,1600.13,1614.04,NA,NA,NA
08-1987,1956.81,NA,NA,NA,2005.76,1921.48,2061.65,NA,2136.87,2200.54,2184.83,1877.78,NA,NA,NA,NA,NA,NA,NA,1735.03,NA,NA,NA,1629.79,1707.16,NA,NA,NA
09-1987,2114.18,NA,NA,NA,2043.1,1910.8,2056.83,NA,2189.51,2228.57,2305.21,1928.74,NA,NA,NA,NA,NA,NA,NA,1807.05,NA,NA,NA,1647.83,1884.96,NA,NA,NA
10-1987,2175.89,NA,NA,NA,2172.01,2066.7,2244.84,NA,2360.12,2279.88,2359.13,2150.2,NA,NA,NA,NA,NA,NA,NA,1977.26,NA,NA,NA,1769.25,2118.11,NA,NA,NA
11-1987,2625.31,NA,NA,NA,2513.61,2436.28,2574.99,NA,2728.45,2712.86,2699.61,2517.29,NA,NA,NA,NA,NA,NA,NA,2305.12,NA,NA,NA,2108.79,2423.99,NA,NA,NA
12-1987,2743.18,NA,NA,NA,2698.43,2700.98,2680.83,NA,2826.84,2744.4,2849.82,2740.47,NA,NA,NA,NA,NA,NA,NA,2541.86,NA,NA,NA,2270.32,2451.04,NA,NA,NA
01-1988,3092.11,NA,NA,NA,2989.24,2889.57,2876.94,NA,2955.33,2855.12,2939.05,2967.92,NA,NA,NA,NA,NA,NA,NA,2656.5,NA,NA,NA,2782.2,2662.95,NA,NA,NA
02-1988,3392.35,NA,NA,NA,3403.62,3437.14,3277.46,NA,3257.26,3150.51,3313.38,3463.35,NA,NA,NA,NA,NA,NA,NA,3138.04,NA,NA,NA,3117.73,3101.34,NA,NA,NA
03-1988,3868.7,NA,NA,NA,3966.92,3957.66,3926.2,NA,3772.76,3585.86,3742.61,4301.87,NA,NA,NA,NA,NA,NA,NA,3716.95,NA,NA,NA,3544.69,3527.2,NA,NA,NA
04-1988,5085.83,NA,NA,NA,4817.24,5133.1,5013.16,NA,5029.89,4683.4,4806.71,5542.28,NA,NA,NA,NA,NA,NA,NA,4845.58,NA,NA,NA,4356.25,4424.93,NA,NA,NA
05-1988,5828.88,NA,NA,NA,5396.96,5821.84,5769.19,NA,6033.62,5387.33,5629.27,6299.19,NA,NA,NA,NA,NA,NA,NA,5482.7,NA,NA,NA,5447.79,5026.35,NA,NA,NA
06-1988,7068.56,NA,NA,NA,7069.32,7374.59,7173.53,NA,7478.8,6796.94,7336.35,7153.47,NA,NA,NA,NA,NA,NA,NA,6859.63,NA,NA,NA,6717.34,5974.7,NA,NA,NA
07-1988,8714.39,NA,NA,NA,8632.25,9096.59,9130.03,NA,9557.02,9038.05,9298.56,8425.21,NA,NA,NA,NA,NA,NA,NA,7688.65,7750.77,NA,NA,8297.91,7255.03,NA,NA,NA
08-1988,10424.58,NA,NA,NA,10602.22,10994.95,11005.26,NA,11771.58,11139.92,11591.98,9679.35,NA,NA,NA,NA,NA,NA,NA,9041.46,9038.08,NA,NA,8760.44,8597.93,NA,NA,NA
09-1988,13784.51,NA,NA,NA,14029.38,14650.31,14885.37,NA,16350.4,15506.48,16313.61,12371.19,NA,NA,NA,NA,NA,NA,NA,11084.97,11372.42,NA,NA,11534.54,11519.48,NA,NA,NA
10-1988,19766.51,NA,NA,NA,19723.9,19140.03,19499.45,19892.77,21091.81,20362.44,21544.51,15341.14,NA,NA,NA,NA,NA,NA,NA,15595.65,15261.91,NA,NA,15399.96,14651.29,NA,NA,NA
11-1988,24977.92,NA,NA,NA,25188.19,24648.33,24917.08,25495.19,25607.31,25597.51,26368.24,21242.25,NA,NA,NA,NA,NA,NA,NA,21286.76,20164.63,NA,NA,19036.9,19175.3,NA,NA,NA
12-1988,32294.47,NA,NA,NA,31157.2,31596.19,31975.03,32290.86,32409.39,31225.05,32660.07,29694.53,NA,NA,NA,NA,NA,NA,NA,29173.12,27469.19,NA,NA,26782.66,28258.64,NA,NA,NA
01-1989,42.48,NA,NA,NA,42.14,44.75,44.95,42.56,44.74,42.2,43.25,41.08,NA,NA,NA,NA,NA,NA,NA,37.59,36.07,NA,NA,37.14,39.14,NA,NA,NA
02-1989,49.23,NA,NA,NA,51,51.86,51.23,52.17,50.6,50.92,49.76,48.4,NA,NA,NA,NA,NA,NA,NA,46.48,45.06,NA,NA,47.83,44.54,NA,NA,NA
03-1989,52.77,NA,NA,NA,55.23,56.37,56.45,54.43,53.67,53.1,54.18,54.03,NA,NA,NA,NA,NA,NA,NA,48.87,51.01,NA,NA,53.39,49.24,NA,NA,NA
04-1989,54.71,NA,NA,NA,55.84,57.46,60.14,58.73,54.85,53.98,54.96,66.95,NA,NA,NA,NA,NA,NA,NA,52.04,54.44,NA,NA,58.06,50.39,NA,NA,NA
05-1989,59.24,NA,NA,NA,69.59,72.99,72.9,75.41,67.44,61.03,66.47,78.42,NA,NA,NA,NA,NA,NA,NA,60.93,65.21,NA,NA,67.88,58.8,NA,NA,NA
06-1989,94.57,NA,NA,NA,98.59,97.09,100.07,96.37,96.7,94.32,99.26,102.62,NA,NA,NA,NA,NA,NA,NA,91.3,89.18,NA,NA,93.11,75.57,NA,NA,NA
07-1989,120.15,NA,NA,NA,114.62,116.15,112.87,111.85,112.95,109.42,115.94,114.5,NA,NA,NA,NA,NA,NA,NA,102.39,102.54,NA,NA,100.24,90.58,NA,NA,NA
08-1989,165.54,NA,NA,NA,156.47,155.46,153.51,149.49,153.71,143.86,162.08,142.79,NA,NA,NA,NA,NA,NA,NA,122.79,122.18,NA,NA,150.28,119.16,NA,NA,NA
09-1989,222.19,NA,NA,NA,194.41,196.73,195.04,190.43,202.86,191.41,197.93,173.7,NA,NA,NA,NA,NA,NA,NA,150.79,152.35,NA,NA,183.17,143.32,NA,NA,NA
10-1989,296.76,NA,NA,NA,236.93,253.14,239.6,242.33,253.59,252.17,256.15,231.55,NA,NA,NA,NA,NA,NA,NA,199.68,187.38,NA,NA,210.89,174.71,NA,NA,NA
11-1989,381.89,NA,NA,NA,369.51,380.57,364.06,365.86,398.54,361.43,375.02,343.3,NA,NA,NA,NA,NA,NA,NA,287.4,285.31,NA,NA,299.8,274.32,NA,NA,NA
12-1989,568.57,NA,NA,NA,548.98,533.94,531.32,577.27,566.83,514.95,540.88,534.1,NA,NA,NA,NA,NA,NA,NA,420.88,424.21,NA,NA,449.42,403.4,NA,NA,NA
01-1990,1060.73,NA,NA,NA,1036.98,1000.5,1063.03,1010.95,1057.46,975.32,1023.99,1048.05,NA,NA,NA,NA,NA,NA,NA,834.95,822,NA,NA,879.68,734.22,NA,NA,NA
02-1990,1609.91,NA,NA,NA,1535.88,1473.97,1551.97,1499.54,1502.78,1439.73,1537.49,1510.79,NA,NA,NA,NA,NA,NA,NA,1232.42,1291.05,NA,NA,NA,1247.03,NA,NA,NA
03-1990,2763.31,NA,NA,NA,2973.57,2747.34,2821.34,2901.41,2821.39,2872.27,3008.71,2669.07,NA,NA,NA,NA,NA,NA,NA,2586.75,2393.04,NA,NA,2545.89,2223.58,NA,NA,NA
04-1990,3016.92,NA,NA,NA,3144.32,3152.43,3104.16,2945.11,3095.68,2963.63,3085.16,2868.1,NA,NA,NA,NA,NA,NA,NA,2710.89,2699.9,NA,NA,2740.66,2441.38,NA,NA,NA
05-1990,3467.15,NA,NA,NA,3460.09,3590.81,3562.14,3382.47,3526.19,3376.77,3500.96,3268.27,NA,NA,NA,NA,NA,NA,NA,3102.47,3050.27,NA,NA,3033.81,2661.99,NA,NA,NA
06-1990,4250.7,NA,NA,NA,4356.56,4628.91,4135.4,4566.78,4626.26,4131.59,4313.92,4389.31,NA,NA,NA,NA,NA,NA,NA,3951.41,3859.36,NA,NA,3752.76,3781.7,NA,NA,NA
07-1990,4853.62,NA,NA,NA,4665.98,5017.88,4750.71,4813.05,5140.14,4854.59,5135.22,4703.33,NA,NA,NA,NA,NA,NA,NA,4143.65,4410.14,NA,NA,4496.98,3991,NA,NA,NA
08-1990,5589.38,NA,NA,NA,5301.72,5530.94,5267.1,5309.68,5811.69,5664.76,6014.81,5274.59,NA,NA,NA,NA,NA,NA,NA,4175.83,4418.63,NA,NA,4963.18,4145.8,NA,NA,NA
09-1990,6555.12,NA,NA,NA,6175.6,6430.55,6189.43,6119.79,6543.9,6468.44,6677.12,5748.77,NA,NA,NA,NA,NA,NA,NA,4623.86,5056.39,NA,NA,5513.41,4309.69,NA,NA,NA
10-1990,6626.52,NA,NA,NA,6507.04,6500.97,6841.21,6259.94,6861.71,6769.02,6862.94,6549.91,NA,NA,NA,NA,NA,NA,NA,5191.18,5518.32,NA,NA,5977.59,4861.64,NA,NA,NA
11-1990,7098.58,NA,NA,NA,7124.33,6870.33,7273.32,6883.62,7172.99,7305.06,7628.1,7508.85,NA,NA,NA,NA,NA,NA,NA,5671.16,6210.08,NA,NA,5933.3,5192.76,NA,NA,NA
12-1990,7502.24,NA,NA,NA,7725.41,7592.58,7895.84,7360.5,7859.48,7741.3,8180.19,8181.5,NA,NA,NA,NA,NA,NA,NA,6907.66,6778.83,NA,NA,7037.06,5804.79,NA,NA,NA
01-1991,10084.81,NA,NA,NA,10185.54,9839.42,9912.15,9480.62,9781.11,9123.96,9947.8,10105.27,NA,NA,NA,NA,NA,NA,NA,8076.76,8453.58,NA,NA,8205.4,7116.42,NA,NA,NA
02-1991,11910.62,NA,NA,NA,11558.31,11915.37,11943.93,11099.33,10852.04,10863.43,11459.72,11614.95,NA,NA,NA,NA,NA,NA,NA,9401.55,10047.07,NA,9585.16,9639.88,9011.95,NA,NA,NA
03-1991,12378.42,NA,NA,NA,12159.02,12495.86,12666.08,12096.65,11981.69,11674.07,11977.92,11920.18,NA,NA,NA,NA,NA,NA,NA,10443.24,11127.47,NA,10383.28,11241.54,10669.42,NA,NA,NA
04-1991,14334.55,NA,NA,NA,14804.34,14259.16,15136.85,12764.91,13794.99,12579.22,13862.83,14079.64,NA,NA,NA,NA,NA,NA,NA,13353.29,13296.21,NA,12594.38,12640.14,11954.39,NA,NA,NA
05-1991,14321.01,NA,NA,NA,14906.08,13993.77,15313.43,13353.44,13785.68,12985.33,14401.72,14730.92,NA,NA,NA,NA,NA,NA,NA,13383.08,14364.34,NA,13724.78,14119.16,13038.11,NA,NA,NA
06-1991,15321.66,NA,NA,NA,15150.8,14420.49,15860.32,13992.04,14077.79,13212.55,14446.64,16727.12,NA,NA,NA,NA,NA,NA,NA,14374.74,14804.62,NA,14486.93,14840.71,13526.78,NA,NA,NA
07-1991,18725.88,NA,NA,NA,17793.98,17264.35,18409.23,16359.75,17142.62,17150.98,17427.1,18677.66,NA,NA,NA,NA,NA,NA,NA,16466.3,16512.99,NA,16288.96,16857.7,14752.28,NA,NA,NA
08-1991,21413.53,NA,NA,NA,20342.83,20055.79,21464.22,20114.38,21168.25,21541.46,22077.21,22015.48,NA,NA,NA,NA,NA,NA,NA,18420.33,18402.13,NA,18313.2,19085.26,17448.5,NA,NA,NA
09-1991,23637.14,NA,NA,NA,22849.17,23163.61,24606.74,22612.76,24062.94,25119.42,24253.95,26188.77,NA,NA,NA,NA,NA,NA,NA,22322.08,21381.97,NA,19712.37,22016.93,20495.98,NA,NA,NA
10-1991,31045.79,NA,NA,NA,30637.36,30816.29,32988.11,31588.19,32359.83,33733.2,31820.62,32271.92,NA,NA,NA,NA,NA,NA,NA,29008.88,27844.92,NA,27252.33,27098.22,27485.41,NA,NA,NA
11-1991,39400.37,NA,NA,NA,39387.4,39907.07,42151.6,39623.66,41638.1,42720.74,44078.35,40408.23,NA,NA,NA,NA,NA,NA,NA,36291.24,33516.57,NA,34566.63,33317.69,33030.65,NA,NA,NA
12-1991,47947.15,NA,NA,NA,47056.56,48317.85,50743.21,48750.98,48496.32,45111.3,49270.75,48400.87,NA,NA,NA,NA,NA,NA,NA,42870.35,39904.75,NA,39885.61,38437.95,38498.81,NA,NA,NA
01-1992,59997.3,NA,NA,NA,62733.52,60890.37,62707.12,64090.33,58278.23,59864.29,56981.93,61694.95,NA,NA,NA,NA,NA,NA,NA,52982.76,50348.61,NA,51233.27,49488.25,49191.65,NA,NA,NA
02-1992,76982,NA,NA,NA,75883.16,68307.74,72561.41,72934.2,64810.97,70374.18,71168.29,74791.21,NA,NA,NA,NA,NA,NA,NA,69071.39,64441.32,NA,67374.86,65005.32,60600.99,NA,NA,NA
03-1992,88322.27,NA,NA,NA,89001.3,86533.9,89001.75,86858.13,84634.09,80917.54,84416.64,89925.78,NA,NA,NA,NA,NA,NA,NA,82729.8,77682.39,NA,81466.07,78685.14,73066.98,NA,NA,NA
04-1992,102401.64,NA,NA,NA,104005.39,105935.13,110776.34,103140.98,106526.21,100032.81,105358.77,116947,NA,NA,NA,NA,NA,NA,NA,99656.37,99155.93,NA,90444.84,100373.88,90332.21,NA,NA,NA
05-1992,132466.68,NA,NA,NA,128821.21,130777.63,132321.51,126816.75,129841.84,125640.1,132631.53,129674.4,NA,NA,NA,NA,NA,NA,NA,117737.71,110817,NA,114642.88,112518.15,106371.96,NA,NA,NA
06-1992,155253.51,NA,NA,NA,148386.82,152556.67,158161.68,145671.46,150519.65,147618.75,162465.72,144722.05,NA,NA,NA,NA,NA,NA,NA,140770.93,129960.97,NA,128883.84,126574.62,122202.27,NA,NA,NA
07-1992,184521.57,NA,NA,NA,186994.85,190003.91,196315.72,181646.95,188611.16,187423.18,202408.94,173803.8,NA,NA,NA,NA,NA,NA,NA,200680.15,163307.74,NA,160121.01,169752.45,166018.08,NA,NA,NA
08-1992,244552.63,NA,NA,NA,248797.6,245561.84,262527.59,250494.84,254323.69,249099.13,274230.35,223170.64,NA,NA,NA,NA,NA,NA,NA,228493.62,199847.44,NA,197608.03,220218.22,205106.87,NA,NA,NA
09-1992,312183.38,NA,NA,NA,312000.81,323653.82,340303.17,315990.82,333400.47,318358.39,364966.74,273166.81,NA,NA,NA,NA,NA,NA,NA,270283.26,247692.15,NA,251808.28,255551.68,239170.4,NA,NA,NA
10-1992,371041.43,NA,NA,NA,389071.49,389191.88,415423.25,396685.22,402308.86,404634.23,425912.89,348177.6,NA,NA,NA,NA,NA,NA,NA,323206.13,324846.7,NA,313941.08,327585.88,293967.3,NA,NA,NA
11-1992,446725.78,NA,NA,NA,461804.95,445677.92,486880.44,468073.42,450422.43,467507.21,491566.35,430418.96,NA,NA,NA,NA,NA,NA,NA,404082.15,369137.17,NA,362834.66,392931.93,360099.39,NA,NA,NA
12-1992,533207.58,NA,NA,NA,569371.54,542244.64,595657.81,550651.91,554859.81,574747.47,604419.83,553313.8,NA,NA,NA,NA,NA,NA,NA,559853.72,561204.3,NA,494351.61,488168.36,461949.57,NA,NA,NA
01-1993,707127.09,NA,NA,NA,772071.05,743987,774525.95,696669.02,742702.69,784340.67,738649.34,774470.18,NA,NA,NA,NA,NA,NA,NA,717776.51,674611.01,NA,646034.99,696036.55,680945.38,NA,NA,NA
02-1993,876629.59,NA,NA,NA,924700.74,935832.66,962414,1007594.22,941391.59,955595.3,904335.46,908526.82,NA,NA,NA,NA,NA,NA,NA,917872.7,873456.08,NA,828647.97,805061.72,863668.17,NA,NA,NA
03-1993,1084323.9,NA,NA,NA,1163609.82,1189203.43,1227738.33,1184473.32,1165286.21,1166422.48,1171790.81,1185620.9,NA,NA,NA,NA,NA,NA,NA,1155391.51,1159078.68,NA,1082780.8,1042478,990283.47,NA,NA,NA
04-1993,1569376.41,NA,NA,NA,1596757.02,1641326.11,1779189.69,1651489.08,1683215.19,1614920.76,1619660.8,1627936.45,NA,NA,NA,NA,NA,NA,NA,1508781.75,1514547.45,NA,1411497.86,1467312.95,1466441.12,NA,NA,NA
05-1993,2036868.94,NA,NA,NA,2070017.82,2090081.73,2220695,2152366.64,2058900.38,2018090.29,2094338.07,2223305.44,NA,NA,NA,NA,NA,NA,NA,1997338.31,1932176.1,NA,1844270.94,1990485.2,1719190.53,NA,NA,NA
06-1993,2659795.53,NA,NA,NA,2656746.85,2760317.69,2842301.09,2738495.6,2700279.18,2743239.09,2815423.16,2520827.62,NA,NA,NA,NA,NA,NA,NA,2679283.91,2534577.88,NA,2390490.82,2425036.74,2286049.03,NA,NA,NA
07-1993,3292701.67,NA,NA,NA,3351665.78,3221603.38,3452747.8,3557549.78,3477917.55,3567213.23,3761603.1,3178832.8,NA,NA,NA,NA,NA,NA,NA,3245832.18,2836996.39,NA,2878898.67,3072040.37,3155083.82,NA,NA,NA
08-1993,4666.88,NA,NA,NA,4546.21,4370.89,4883.12,4637.62,4850.33,4999.77,4954.99,4447.55,NA,NA,NA,NA,NA,NA,NA,4318.17,4074.25,NA,3776.18,4033.81,3895.19,NA,NA,NA
09-1993,6122.25,NA,NA,NA,6036.29,5899.14,6339.29,6125.41,6452.45,6737.18,6743.26,5913.21,NA,NA,NA,NA,NA,NA,NA,5630.37,4837.15,NA,4927.67,5252.77,5194.65,NA,NA,NA
10-1993,8222.56,NA,NA,NA,8165.67,8169.79,8458.47,8275.86,8834.9,9346.05,8267.12,7828.8,NA,NA,NA,NA,NA,NA,NA,7715.34,6789.58,NA,7141.24,6856.61,7240.55,NA,NA,NA
11-1993,11359.97,NA,NA,NA,11288.43,11293.47,11934.08,12267.9,11709.53,12581.2,11991.88,10905.76,NA,NA,NA,NA,NA,NA,NA,11626.74,10111.72,NA,9947.11,9613.2,10037.81,NA,NA,NA
12-1993,15510.67,NA,NA,NA,16865.77,16165,16953.23,16895.09,15872.69,17469.86,17289.09,16666.95,NA,NA,NA,NA,NA,NA,NA,16144.68,14847.41,NA,14719.61,15637.18,16479.97,NA,NA,NA
01-1994,23053.94,NA,NA,NA,25164.12,24346.98,25268.91,23870.21,23368.68,25737.14,23950.91,25088.43,NA,NA,NA,NA,NA,NA,NA,22528.99,23872.49,NA,23662.96,21514.06,21734.36,NA,NA,NA
02-1994,33704.25,NA,NA,NA,34943.48,32235.52,35526.07,32204.39,31423.66,36492.55,33477.34,39059.83,NA,NA,NA,NA,NA,NA,NA,35123.54,34651.43,NA,33796.82,30014.61,33425.71,NA,NA,NA
03-1994,51794.05,NA,NA,NA,55560.72,49752.3,53631.77,49512.14,46588.56,49843.93,49696.1,53153.64,NA,NA,NA,NA,NA,NA,NA,47640.38,47299.54,NA,49449.28,46883.46,45536.52,NA,NA,NA
04-1994,76948.1,NA,NA,NA,77572.08,70662,77463.6,70615.19,70263.27,72887.22,73225.54,65257.73,NA,NA,NA,NA,NA,NA,NA,67867.51,65065.5,NA,67686.97,64358.48,62931.9,NA,NA,NA
05-1994,101277.65,NA,NA,NA,99762.54,97311.73,97990.74,92533.68,94085.7,106329.71,110521.99,94954.52,NA,NA,NA,NA,NA,NA,NA,94998.42,83499.36,NA,84072.6,83799.23,80342.41,NA,NA,NA
06-1994,147884.12,NA,NA,NA,148594.13,149698.1,148561.94,157561.8,141592.55,162515.61,159274.15,150935.25,NA,NA,NA,NA,NA,NA,NA,141782.83,126202.57,NA,133018.78,134960.88,134148.14,NA,NA,NA
07-1994,67.37,NA,NA,NA,68.56,66.22,67.4,62.41,64,68.88,70.8,62.95,NA,NA,NA,NA,NA,NA,NA,60.55,55.77,NA,56.07,58.39,58.88,NA,NA,NA
08-1994,70.57,NA,NA,NA,70.05,72.08,77.42,68.84,70.22,76.6,75.86,66.7,NA,NA,NA,NA,NA,NA,NA,58.7,56.98,NA,58.56,58.14,58.57,NA,NA,NA
09-1994,75.29,NA,NA,NA,77.58,76.5,83.43,74.89,80.78,82.52,79.18,70.84,NA,NA,NA,NA,NA,NA,NA,55.25,57.37,NA,58.55,60.63,66.3,NA,NA,NA
10-1994,85.83,NA,NA,NA,81.14,79.8,88.8,77.32,86.63,88.85,86.46,79.36,NA,NA,NA,NA,NA,NA,NA,61.62,66.62,NA,66.64,68.98,72.09,NA,NA,NA
11-1994,83.87,NA,NA,NA,81.98,83.12,89.26,79.15,84.71,84.21,80.71,79.71,NA,NA,NA,NA,NA,NA,NA,67.15,65.31,NA,67.79,67.47,68.99,NA,NA,NA
12-1994,85.17,NA,NA,70.71,81.51,77.28,87.42,76.27,80.2,80.88,78.8,77.88,NA,NA,NA,NA,NA,NA,NA,63.91,64.99,NA,65.64,65.21,70.48,NA,NA,NA
01-1995,85.02,NA,NA,69.61,80.42,75.66,86.81,71.9,80.91,81.85,78.21,77.95,NA,NA,NA,NA,NA,NA,NA,63.57,63.96,NA,65.61,62.77,66.32,NA,NA,NA
02-1995,83.43,NA,NA,66.15,75.7,75.18,83.79,73.23,78.37,84.09,77.47,77.72,NA,NA,NA,NA,NA,NA,NA,61.83,68.56,NA,68.69,64.16,66.25,NA,NA,NA
03-1995,80.49,NA,NA,69.6,78.55,76.62,88.66,77.72,83.19,85.13,81.44,82.74,NA,NA,NA,NA,NA,NA,NA,72.25,70.36,NA,70.9,70.43,69.96,NA,NA,NA
04-1995,87.94,NA,NA,76.06,83.42,86.67,97.48,85.41,93.28,91.55,87.57,91.03,NA,NA,NA,NA,NA,NA,NA,78.66,77.25,NA,77.87,82.54,77.35,NA,NA,NA
05-1995,87.66,NA,NA,78.58,85.34,88.87,92.61,89.28,92.67,89.29,92.73,88.62,NA,NA,NA,NA,NA,NA,NA,78.9,80.81,NA,82.23,81.81,77.5,NA,NA,NA
06-1995,84.32,NA,NA,72.81,79.88,82.39,88.21,83.33,86.14,84.16,84.56,80.15,NA,NA,NA,NA,NA,NA,NA,73.55,72.56,NA,80.96,76.24,76.95,NA,NA,NA
07-1995,80.14,NA,NA,67.08,74.74,74.37,87.55,74.49,80.79,79.29,78.07,80.28,NA,NA,NA,NA,NA,NA,NA,67.69,70.65,NA,79.89,72.79,72.02,NA,NA,NA
08-1995,78.59,NA,NA,65.7,75.19,74.81,86.79,76.58,83.18,81.15,79.26,78.03,NA,NA,NA,NA,NA,NA,NA,63.31,66.72,NA,75.54,68.13,72.48,NA,NA,NA
09-1995,76.25,NA,NA,65.02,74.74,75.7,85.26,72.9,83.71,81.05,78.89,79.36,NA,NA,NA,NA,NA,NA,66.37,61.84,65.44,NA,73.94,69.55,69.85,NA,NA,NA
10-1995,75.59,NA,NA,66.58,76.15,76.15,87.5,70.07,87.04,82.91,79.02,77.98,NA,NA,NA,NA,NA,NA,68.9,62.22,68.51,NA,72.47,67.25,69.05,NA,NA,NA
11-1995,77.5,NA,NA,69.29,79.25,80.43,89.04,72.16,86.48,82.68,81.36,74.82,NA,NA,NA,NA,NA,NA,72.34,66.62,68.05,NA,75.28,72.37,72.11,NA,NA,NA
12-1995,79.17,NA,NA,71.79,81.11,80.91,91.52,75.48,90.24,86.18,80,80.07,NA,NA,NA,NA,NA,NA,75.97,72.73,70.9,NA,75.15,74.36,73.68,NA,NA,NA
01-1996,81.02,NA,NA,72.99,84.99,83.71,92.57,79.14,93.71,89.17,83.54,84.66,NA,NA,NA,NA,NA,NA,78.26,77.5,72.28,NA,81.64,78.79,76.5,NA,NA,NA
02-1996,83.71,NA,NA,73.43,85.43,82.94,93.77,77.34,87.85,86.86,83.86,84.88,NA,NA,NA,NA,NA,NA,76.31,70.83,70.87,NA,78.32,80.38,72.27,NA,NA,NA
03-1996,81.13,NA,NA,72.24,83.84,81.11,91.65,73.16,86.78,85.42,85.87,83.78,NA,NA,NA,NA,NA,NA,76.96,68.58,70.53,NA,78.16,75.32,74.98,NA,NA,NA
04-1996,81.91,NA,NA,74.18,84.86,83.8,92.98,74.79,89.62,84.94,85.96,78.65,NA,NA,NA,NA,NA,NA,76.68,69.97,72.07,NA,77.5,72.05,76.53,NA,NA,NA
05-1996,87.53,NA,NA,75.07,87.6,87.24,96.18,80.3,87.95,87.96,86.24,83.58,NA,NA,NA,NA,NA,NA,80.2,77.82,76.48,NA,82.18,80.6,75.81,NA,NA,NA
06-1996,86.87,NA,NA,76.33,87.78,86.92,96.34,83.25,94.32,90.43,87.67,81.5,NA,NA,NA,NA,NA,NA,83.47,80.54,78.04,NA,82.25,85.69,78.62,NA,NA,NA
07-1996,87.21,NA,NA,76.76,88.05,85.69,97.99,82.94,90.27,90.28,88.09,82.81,NA,NA,NA,NA,NA,NA,83.9,74.95,76.46,NA,83.88,82.34,77.75,NA,NA,NA
08-1996,87.21,NA,NA,77.26,87.54,86.47,97.26,82.04,91.56,91.2,88.33,83.47,NA,NA,NA,NA,NA,NA,80.72,69.11,74.74,NA,83.82,80.66,75.57,NA,NA,NA
09-1996,83.61,NA,NA,75.1,85.91,84.21,96.94,79.9,93.27,88.26,88.26,81.1,NA,NA,NA,NA,NA,NA,79.75,66.73,71.55,NA,84.92,75.78,73.68,NA,NA,NA
10-1996,84.03,NA,NA,75.49,88.17,83.03,96.35,79.2,91.94,86.62,88.98,83.52,NA,NA,NA,NA,NA,NA,78.77,71.51,72.09,NA,76.38,76.32,74.13,NA,NA,NA
11-1996,84.37,NA,NA,75.43,89.53,83.92,94.56,77.87,89.89,86.7,87.31,80.19,NA,NA,NA,NA,NA,NA,72.69,69.86,71.34,NA,76.95,74.88,74.89,NA,NA,NA
12-1996,83.84,NA,NA,74.37,85.83,84.13,92.64,75.31,88.35,83.34,84.07,78.01,NA,NA,NA,NA,NA,NA,76.29,68.94,69.98,NA,79.33,75.14,74.53,NA,NA,NA
01-1997,82.14,NA,NA,74.39,86.73,85.28,92.18,74.77,88.73,81.21,82.21,78.06,NA,NA,NA,NA,NA,NA,75.56,70.79,71.48,NA,77.53,76.27,75.87,NA,NA,NA
02-1997,83.65,NA,NA,75.15,88.78,86.78,93.79,77.47,90.91,84.52,86.44,80.89,NA,NA,NA,NA,NA,NA,76.31,71.65,72.63,NA,77.7,77.68,75.92,NA,NA,NA
03-1997,88.65,NA,NA,80.15,91.91,92.68,101.12,82.73,97.45,88.76,92.97,83.57,NA,NA,NA,NA,NA,NA,75.69,74.26,73.53,NA,80.48,79.24,75.79,NA,NA,NA
04-1997,90.02,NA,NA,82.88,91.54,93.72,102.81,83.83,100.26,90.24,96.95,88.74,NA,NA,NA,NA,NA,NA,80.51,80.09,77.9,NA,83.46,79.65,78.47,NA,NA,NA
05-1997,88.35,NA,NA,80.18,88.32,90.37,97.71,83.28,94.18,86.88,93.04,82.9,NA,NA,NA,NA,NA,NA,78.17,74.8,76.49,NA,80.13,76.85,76.12,NA,NA,NA
06-1997,86.31,NA,NA,76.74,85.48,87.06,94.05,75.48,88.47,86.83,91.97,76.44,NA,NA,NA,NA,NA,NA,77.39,71.71,70.92,NA,73.23,75.84,72.95,NA,NA,NA
07-1997,85.45,NA,NA,73.7,84.14,84.12,91.7,74.89,86.55,81.64,87.87,72.98,NA,NA,NA,NA,NA,NA,71.52,68.81,68.53,NA,70.14,75.29,70,NA,NA,NA
08-1997,84.32,NA,NA,73.8,86.58,85.35,91.46,75.03,91.29,86.46,88.12,73.76,NA,NA,NA,NA,NA,NA,71.98,65.44,69.2,NA,70.56,71.41,68.19,NA,NA,NA
09-1997,83.14,NA,NA,73.49,84.5,86.16,91.14,74.89,92.42,84.89,89.46,74.68,NA,NA,NA,NA,NA,NA,72.45,65.05,67.61,NA,70.13,72.89,67.38,NA,NA,NA
10-1997,85.82,NA,NA,75.64,83.95,89.76,94,78.48,93.63,87.36,92.28,76.35,NA,NA,NA,NA,NA,NA,72.87,68.97,69.63,NA,76.85,74.01,70.98,NA,NA,NA
11-1997,87.07,NA,NA,76.92,85.59,88.93,94.81,81.46,95.48,88.26,93.85,78.57,NA,NA,NA,NA,NA,NA,75.07,71.21,70.03,NA,77.26,74.58,69.1,NA,NA,NA
12-1997,88.12,NA,NA,77.58,91.33,95.09,98.32,84.51,99.65,91.07,96.54,80.86,NA,NA,NA,NA,NA,NA,75.07,73.46,70.04,NA,77.7,75.13,71.65,NA,NA,NA
01-1998,94.2,NA,NA,80.61,95.17,98.38,100.01,86.09,102.95,90.58,97.02,81.12,NA,NA,NA,NA,NA,NA,75.79,73.79,72.56,NA,78.25,75.98,73.01,NA,NA,NA
02-1998,86.06,NA,NA,79.36,94.52,99.22,99.65,85.48,101.72,89.99,93.82,82.45,NA,NA,NA,NA,NA,NA,76.93,77.59,76.37,NA,76.35,76.79,76.38,NA,NA,NA
03-1998,91.77,NA,NA,81.7,94.79,100.36,101.97,86.51,103.53,91.83,99.53,85.31,NA,NA,NA,NA,NA,NA,83.66,84.29,81.06,NA,86.09,80.08,77.93,NA,NA,NA
04-1998,94.15,NA,NA,84.95,97.65,101.44,106.3,89.91,109.07,97.44,102.42,87.6,NA,NA,NA,NA,NA,NA,92.43,88.58,87.06,NA,93.69,85.86,82.44,NA,NA,NA
05-1998,99.56,NA,NA,90.68,103.12,101.18,112.14,89.54,104.6,98.02,104.56,91.7,NA,NA,NA,NA,NA,NA,94.83,94.33,95.74,NA,101.23,91.97,91.47,NA,NA,NA
06-1998,97.94,NA,NA,89.65,99.79,100.86,111.47,93.89,101.5,98.48,104.36,91.97,NA,NA,NA,NA,NA,NA,93.79,94.93,93.45,NA,101.47,92.74,89.65,NA,NA,NA
07-1998,92.48,NA,NA,84.39,93.16,96.92,105.08,86.93,94.81,94.28,102.59,88.35,NA,NA,NA,NA,NA,NA,91.14,87.08,89.89,NA,98.03,83.88,86.86,NA,NA,NA
08-1998,91.87,NA,NA,80.72,91.91,92.6,101.43,82.97,92.68,91.78,101.36,81.17,NA,NA,NA,NA,NA,NA,86.11,83.05,83.03,NA,86.52,82,79.51,NA,NA,NA
09-1998,92.46,NA,NA,81.69,90.59,92.38,100.53,81.32,92.81,92.04,100.01,78.62,NA,NA,NA,NA,NA,NA,83.42,79.76,82.52,NA,81.51,81.49,77.81,NA,NA,NA
10-1998,92.43,NA,NA,83.89,92.3,89.14,102.49,81.77,95.28,90.84,99.61,79.1,NA,NA,NA,NA,NA,NA,84.29,82.64,81.08,NA,79.59,80.33,76.7,NA,NA,NA
11-1998,94.45,NA,NA,83.56,91.05,93.49,101.76,82.16,95.96,89.62,100.53,81.04,NA,NA,NA,NA,NA,NA,85.72,84,80.24,NA,79.8,78.75,76.75,NA,NA,NA
12-1998,94.42,NA,NA,86.26,93.58,94.03,102.09,85.66,96.16,88.69,100.48,84.27,NA,NA,NA,NA,NA,NA,87.48,84.06,82.16,NA,82.19,79.96,77.84,NA,NA,NA
01-1999,98.42,NA,NA,87.39,95.55,94.16,104.86,81.32,95.56,89.71,97.42,87.99,NA,NA,NA,NA,NA,NA,91.44,87.84,83.69,NA,85.21,85.31,81.94,NA,NA,NA
02-1999,97.37,NA,NA,88.45,100.26,93.3,106.75,84.73,98.58,91.91,97.94,89.77,NA,NA,NA,NA,NA,NA,89.08,90.71,87.07,NA,88.92,84.29,82.92,NA,NA,NA
03-1999,96.98,NA,NA,85.76,98.41,96.47,106.28,88.11,97.94,90.98,97.08,89.89,NA,NA,NA,NA,NA,NA,87.71,87.66,90.74,NA,88.33,83.14,83.04,NA,NA,NA
04-1999,99.36,NA,NA,83.88,97.34,96,104.54,91.99,98.09,92.52,99.86,90.12,NA,NA,NA,NA,NA,NA,92.47,85.3,88.25,NA,89.83,85.21,79.63,NA,NA,NA
05-1999,98.66,NA,NA,84.31,96.66,97.67,105.05,89.33,101.52,93.59,104.82,90.57,NA,NA,NA,NA,NA,NA,86.79,86.71,88.86,NA,82.38,87.63,82.15,NA,NA,NA
06-1999,97.63,NA,NA,81.73,94.53,96.12,104,89.83,100.76,93.79,106.68,88.99,NA,NA,NA,NA,NA,NA,83.43,87.53,88.42,NA,86.53,88.68,83.01,NA,NA,NA
07-1999,96.68,NA,NA,81.34,94.1,94.87,103.03,84.75,97.16,91.25,103.65,86.86,NA,NA,NA,NA,NA,NA,83.41,85.65,87.88,NA,85.79,84.19,81.75,NA,NA,NA
08-1999,97.09,NA,NA,81.4,98.5,98.18,106.23,88.76,102.76,96.04,105.32,89.25,NA,NA,NA,NA,NA,NA,85.19,83.98,89.21,NA,86.47,79.33,84.81,NA,NA,NA
09-1999,95.21,NA,NA,83.11,97.07,97.05,108.17,85.83,99.25,94.6,102.36,89.79,NA,NA,NA,NA,NA,NA,85.21,80.87,84.59,NA,83.14,85.3,82.06,NA,NA,NA
10-1999,103,NA,NA,86.72,100.79,100.78,111.11,90.07,106.07,97.68,106.05,92.19,NA,NA,NA,NA,NA,NA,86.1,81.65,87.98,NA,85.46,84.38,81.06,NA,NA,NA
11-1999,102.55,NA,NA,88.96,103.91,101.97,111.91,93.49,106.69,103.32,104.07,94.3,NA,NA,NA,NA,NA,NA,86.76,83.49,88.46,NA,87.79,85.02,81.54,NA,NA,NA
12-1999,103.22,NA,NA,89.04,98.44,100.87,111.96,92.76,103.82,98.58,105.71,95.83,NA,NA,NA,NA,NA,NA,87.52,85.24,90.33,NA,88.36,90.21,81.89,NA,NA,NA
01-2000,106.66,NA,NA,91.03,104.3,100.82,112.22,94.73,102.23,100.62,103.47,97.16,NA,NA,NA,NA,NA,NA,89.71,92.07,95.12,NA,91.26,89.02,84.95,NA,NA,NA
02-2000,109.93,NA,NA,91.42,107.4,107.29,110.8,93.22,104.12,105.3,108.41,97.63,NA,NA,NA,NA,NA,NA,90.98,92.76,99.96,NA,90.87,95.67,89.29,NA,NA,NA
03-2000,108.68,NA,NA,92.55,110.8,110.13,115.13,96.11,106.78,107.37,108.14,101.23,NA,NA,NA,NA,NA,NA,95.94,94.25,101.85,NA,96.57,100.1,88.96,NA,NA,NA
04-2000,110.47,NA,NA,91.96,110.28,108.01,115.92,97.17,111.61,101.05,106.47,101.31,NA,NA,NA,NA,NA,NA,96.27,91.79,95.71,NA,90.82,95.48,87.23,NA,NA,NA
05-2000,107.29,NA,NA,87.4,103.28,98.51,111.78,93.7,103.49,100.13,104.52,96.9,NA,NA,NA,NA,NA,NA,92.37,81.79,88.07,NA,85.28,89.36,81.7,NA,NA,NA
06-2000,105.39,NA,NA,85.09,99.81,97.73,109.44,90.69,97.52,96.38,101.93,95.69,NA,NA,NA,NA,NA,NA,90.16,80.33,84.33,NA,84.73,90.48,80.36,NA,NA,NA
07-2000,105.42,NA,NA,87.32,104.61,101.41,111.43,89.57,105.3,100.58,105.57,97.64,NA,NA,NA,NA,NA,NA,91.46,80.02,86.09,NA,82.55,91.52,80.31,NA,NA,NA
08-2000,108.66,NA,NA,90.78,106.6,106,114.63,94.08,109.25,99.73,107.98,98.97,NA,NA,NA,NA,NA,NA,92.73,86.17,87.6,NA,86.64,93.69,83.07,NA,NA,NA
09-2000,109.55,NA,NA,91.9,110.04,108.74,119.47,96.21,113.32,106.48,110.17,99.17,NA,NA,NA,NA,NA,NA,95.19,92.94,90.57,NA,88.1,97.07,85.48,NA,NA,NA
10-2000,116.33,NA,NA,93.86,113.55,113,122.61,97.67,114.56,108.31,116.18,100.05,NA,NA,NA,NA,NA,NA,93.75,94.27,90.86,NA,90.46,97.55,87.59,NA,NA,NA
11-2000,112.55,NA,NA,93.76,115.23,115.11,121.61,98.89,114.61,107.53,118.41,100.69,NA,NA,NA,NA,NA,NA,94.78,93.41,89.92,NA,93.66,102.82,88.74,NA,NA,NA
12-2000,112.01,NA,NA,93.28,111.12,113.27,119.54,96.11,109.09,103.27,114.39,102.09,NA,NA,NA,NA,NA,NA,95.36,91.02,90.96,NA,94.8,98.37,86.71,NA,NA,NA
01-2001,114.06,NA,NA,99.13,117.55,116.61,123.36,94.81,115.1,103.71,120.33,104.85,NA,NA,NA,NA,NA,NA,98.46,92.33,92.92,NA,95.81,97.18,90.72,NA,NA,NA
02-2001,113.44,NA,NA,98.03,118.45,114.61,123.44,97.25,112.21,106.35,117.83,106.04,NA,NA,NA,NA,NA,NA,99.25,91.82,91.05,NA,94.15,88.81,89.08,NA,NA,NA
03-2001,114,NA,NA,98.42,118.83,117.6,124.76,104.88,116.19,105.96,126.97,102.48,NA,NA,NA,NA,NA,NA,99.46,93.24,92.16,NA,95.46,87.24,89.11,NA,NA,NA
04-2001,117.56,NA,NA,102.99,127.38,118.58,129.49,113.2,123.76,113.11,130.1,105.64,NA,NA,NA,NA,NA,NA,99.74,96.5,95.7,NA,95.72,89.95,89.92,NA,NA,NA
05-2001,118.64,NA,NA,102.44,123.72,122.65,129.78,110.94,123.06,116.13,127.32,106.99,NA,NA,NA,NA,NA,NA,104.72,102.47,96.55,NA,99.24,96.01,93.72,NA,NA,NA
06-2001,116.06,NA,NA,101.08,115.91,120.53,127.58,110.89,119.67,115.94,127.62,107.04,NA,NA,NA,NA,NA,NA,107.41,101.49,100.92,NA,98.95,97.52,94.58,NA,NA,NA
07-2001,118.23,NA,NA,101.63,116.64,122.08,125.68,111.24,119.52,116.5,125.45,105.62,NA,NA,NA,NA,NA,NA,107.11,99.71,102,NA,99.86,98.37,93.73,NA,NA,NA
08-2001,116.66,NA,NA,101.69,113.8,125.62,126.39,108.26,120.79,117.82,127.42,106.32,NA,NA,NA,NA,NA,NA,104.62,97.66,97.95,NA,97.92,95.29,93.08,NA,NA,NA
09-2001,116.54,NA,NA,98.44,115.06,119.64,125.01,107.04,120.33,118.96,128.18,107.97,NA,NA,NA,NA,NA,NA,100.79,94.57,94.75,NA,94.48,91.12,90.89,NA,NA,NA
10-2001,121.48,NA,NA,103.03,118.95,117.13,125,111.02,127.36,121.22,128.68,107.99,NA,NA,NA,NA,NA,NA,98.88,95.8,97.4,NA,93.66,92.25,89.62,NA,NA,NA
11-2001,124.69,NA,NA,103.48,119.27,125.18,127.28,112.94,129.87,125.09,127.19,108.07,NA,NA,NA,NA,NA,NA,101.39,98.21,97.37,NA,94.12,96.71,92.13,NA,NA,NA
12-2001,127.09,NA,NA,106.16,121.02,126.2,128.6,116.51,130.67,127.84,131.12,110.33,NA,NA,NA,NA,NA,NA,105.43,99.19,98.28,NA,97.28,98.91,96.57,NA,NA,NA
01-2002,128.59,NA,NA,109.13,121.59,126.4,129.21,117.78,125.55,122.94,132.92,110.65,NA,NA,NA,NA,NA,NA,108.09,104.34,107.65,NA,106.24,102.72,100.22,NA,NA,NA
02-2002,126.6,NA,NA,109.37,118.2,123.42,128.63,117.78,124.5,120.35,129.14,113.67,NA,NA,NA,NA,NA,NA,110.59,104.74,101.87,NA,108.23,105.28,100.46,NA,NA,NA
03-2002,124.14,NA,NA,107.3,116.18,126.65,129.89,116.25,122.98,119.58,128.65,114.84,NA,NA,NA,NA,NA,NA,112.62,107.7,103.82,NA,109.09,103.67,103.25,NA,NA,NA
04-2002,123.3,NA,NA,108.65,118.25,127.97,132.22,116,124.93,122.61,136.09,115.63,NA,NA,NA,NA,NA,NA,112.27,104.31,102.34,NA,106.99,105.09,103.09,NA,NA,NA
05-2002,119.43,NA,NA,107.11,116.93,125.55,129.26,113.65,124.53,122.15,133.5,118.85,NA,NA,NA,NA,NA,NA,110.15,104.12,104.02,NA,110.12,101.95,99.33,NA,NA,NA
06-2002,122.1,NA,NA,108.72,118.56,125.09,131.5,115.34,124.65,124.72,134.41,118.53,NA,NA,NA,NA,NA,NA,111.27,107.04,107.94,NA,111.26,107.23,102.37,NA,NA,NA
07-2002,123.71,NA,NA,113.72,121.93,127.39,134.64,120.73,129.06,126.89,137.44,118.68,NA,NA,NA,NA,NA,NA,112.44,110.68,104.41,NA,113.25,109.49,103.92,NA,NA,NA
08-2002,124.98,NA,NA,116.32,123.27,128.81,138.29,122.37,129.76,128.72,139.14,121.45,NA,NA,NA,NA,NA,NA,120.27,114.55,107.84,NA,110.62,109.83,108.69,NA,NA,NA
09-2002,131.02,NA,NA,116.98,134.09,133.77,140.45,123.34,135.43,131.65,148.55,122.05,NA,NA,NA,NA,NA,NA,121.34,113.28,107.27,NA,111.91,109.38,109.98,NA,NA,NA
10-2002,134.72,NA,NA,121.04,133.39,134.72,142.12,124.6,137.85,137.62,151.22,124.9,NA,NA,NA,NA,NA,NA,118.15,110.94,112.42,NA,111.33,110.81,111.95,NA,NA,NA
11-2002,144.78,NA,NA,130.57,144.43,148.05,154.74,132.44,150.65,147.77,161.58,132.1,NA,NA,NA,NA,NA,NA,125.6,118.8,116.71,NA,120.02,116.25,117.25,NA,NA,NA
12-2002,147.93,NA,NA,137.51,150.94,146.59,158.73,135.49,152.18,148.64,164.05,136.6,NA,NA,NA,NA,NA,NA,133.28,119.39,120.78,NA,124.65,124.81,126.99,NA,NA,NA
01-2003,155.98,NA,NA,141.61,150.53,150.74,162.79,137.93,154.13,150.64,164.97,139.39,NA,NA,NA,NA,NA,NA,140.63,132.4,125.97,NA,129.28,126.62,132.43,NA,NA,NA
02-2003,160.69,NA,NA,143.78,153.62,156.1,166.54,143.98,158.24,155.5,165.55,141.94,NA,NA,NA,NA,NA,NA,145.21,136.16,131.74,NA,137.66,135.99,134.4,NA,NA,NA
03-2003,167.49,NA,NA,153.6,163.76,166.76,174.59,149.28,166.89,163.1,172.85,151.22,NA,NA,NA,NA,NA,NA,148.41,142.43,133.55,NA,139.84,136.71,140.27,NA,NA,NA
04-2003,170.14,NA,NA,151.08,167.94,173.2,185.4,155.75,170.33,164.49,184.64,162.28,NA,NA,NA,NA,NA,NA,156.59,149.66,143.43,NA,150.57,147.5,147.14,NA,NA,NA
05-2003,164.13,NA,NA,148.23,161.02,166.52,175.95,149.85,163.53,162.41,174.24,158.5,NA,NA,NA,NA,NA,NA,157.83,142.65,138.35,NA,145.9,142.36,142.66,NA,NA,NA
06-2003,159.08,NA,NA,140.79,152.28,157.31,169.22,146.67,155.33,154.43,167.96,142.37,NA,NA,NA,NA,NA,NA,151.64,137.8,134.94,NA,137.29,141.83,140.17,NA,NA,NA
07-2003,155,NA,NA,138.03,144.46,152.35,162.15,140.83,149.06,149.83,166.23,140.74,NA,NA,NA,NA,NA,NA,136.55,131.79,131.64,NA,134.69,137.43,137.28,NA,NA,NA
08-2003,152.55,NA,NA,135.11,141.83,145.96,158.34,136.73,148.21,145.78,161.77,132.68,NA,NA,NA,NA,NA,NA,138.44,128.15,126.34,NA,130.71,124.65,132.3,NA,NA,NA
09-2003,153.35,NA,NA,134.8,146.87,149.52,161.45,138.67,151.1,145.44,162.69,134.5,NA,NA,NA,NA,NA,NA,135.89,126.97,129.03,NA,131.43,125.64,133.7,NA,NA,NA
10-2003,154.3,NA,NA,135.5,148.51,152.98,162.58,137.3,155.7,149.5,165.62,137.5,NA,NA,NA,NA,NA,NA,130.4,127.83,124.14,NA,132.51,123.1,129.26,NA,NA,NA
11-2003,160.26,NA,NA,137.37,151.76,158.11,163.54,139.28,159.15,148.51,167.69,139.32,NA,NA,NA,NA,NA,NA,136.23,129.2,127.71,NA,128.57,127.59,134.43,NA,NA,NA
12-2003,155.29,NA,NA,138.03,150.58,156.06,164.79,139.28,159.19,147.74,169.1,140.59,NA,NA,NA,NA,NA,NA,138.08,127.74,128.07,NA,128.71,129.7,130.48,NA,NA,NA
01-2004,166.39,NA,NA,146.67,158.92,166.88,171.03,148.12,160.56,153.89,172.05,147.81,NA,NA,NA,NA,NA,NA,146.67,135.79,136.5,NA,142.21,136.41,143.58,NA,NA,NA
02-2004,164.77,NA,NA,147.87,156.27,161.91,167,147.26,157.82,149.82,169.32,146,NA,NA,NA,NA,NA,NA,147,139.17,140.4,NA,139.42,140.32,143.32,NA,NA,NA
03-2004,162.92,NA,NA,147.32,154.51,158.57,166.96,149.02,154.43,147.67,163.8,146.93,NA,NA,NA,NA,NA,NA,142.38,143.63,139.99,NA,143.18,137.44,138.06,NA,NA,NA
04-2004,159.37,NA,NA,145.39,153.32,153.59,165,146.2,156.29,143.03,164.05,148.39,NA,NA,NA,NA,NA,NA,139.56,137.23,136.47,NA,138.59,138.1,137.25,NA,NA,NA
05-2004,159.48,NA,NA,143.46,161.69,160.76,168.68,147.37,162.79,156.1,181.17,149.5,NA,NA,NA,NA,NA,NA,137.34,135.94,137.76,NA,137.78,133.18,138.59,NA,NA,NA
06-2004,165.45,NA,NA,148.45,166.1,170.92,174.9,158.19,168.94,163.62,183.08,150.92,NA,NA,NA,NA,NA,NA,138.43,138.54,133.1,NA,139.9,132.3,136.09,NA,NA,NA
07-2004,165.02,NA,NA,147.12,169.59,168.53,173.95,153.4,165.47,162.52,181.83,153.53,NA,NA,NA,NA,NA,NA,138.36,144.19,140.74,NA,140.46,141.58,135.99,NA,NA,NA
08-2004,169.32,NA,NA,150.58,176.21,178.81,182.26,165.05,171.95,175.64,189.99,158.21,NA,NA,NA,NA,NA,NA,150.15,139.7,150.07,NA,152.07,147.03,140.48,NA,NA,NA
09-2004,170.25,NA,NA,148.7,166.05,171.51,178.37,154.71,166.03,170.15,182.38,154.64,NA,NA,NA,NA,NA,NA,137.49,135.69,139.11,NA,138.71,131.53,132.58,NA,NA,NA
10-2004,169.23,NA,NA,147.23,168.76,167.21,177.14,151.84,162.92,165.3,179.82,149.08,NA,NA,NA,NA,NA,NA,131.49,127.41,136.09,NA,132.74,123.81,125.49,NA,NA,NA
11-2004,163.91,NA,NA,147.39,155.99,164.18,171.06,148.41,158.13,157.45,171.37,149.3,NA,NA,NA,NA,NA,NA,128.92,124.68,128.14,NA,127.78,121.61,123.65,NA,NA,NA
12-2004,168.73,NA,NA,148.89,152.27,165.38,172.2,152.38,155.91,157.42,174.75,149.7,NA,NA,NA,NA,NA,NA,131.31,124.73,126.13,NA,131.8,122.99,125.84,NA,NA,NA
01-2005,170.62,NA,NA,151.78,150.56,164.81,172.87,157.96,160.1,157.47,168.8,152.2,NA,NA,NA,NA,NA,NA,130.45,125.2,133.6,NA,137.09,132.31,127.85,NA,NA,NA
02-2005,170.1,NA,NA,153.51,150.97,169.79,175.04,163.69,164.13,159.18,175.57,155.26,NA,NA,NA,NA,NA,NA,134.93,124.91,134.13,NA,140.52,130.79,133.74,NA,NA,NA
03-2005,167.29,NA,NA,156.48,157.47,167.02,175.87,159.26,166.32,161.74,175.64,154.69,NA,NA,NA,NA,NA,NA,133.58,127.42,132.8,NA,133.18,131.19,132.6,NA,NA,NA
04-2005,171.47,NA,NA,158.27,167.75,170.21,180.93,165.19,171.69,166.9,183.15,155.37,NA,NA,NA,NA,NA,NA,137.41,134.36,133.94,NA,138.72,135.7,131.57,NA,NA,NA
05-2005,186.78,NA,NA,158.94,180.36,179.82,188.63,170.76,177.15,168.85,189.12,162.1,NA,NA,NA,NA,NA,NA,143.03,142.41,139.85,NA,140.73,146.96,140.4,NA,NA,NA
06-2005,173.01,NA,NA,157.43,168.07,172.26,183.14,162.89,168.4,165.85,182.05,153.86,NA,NA,NA,NA,NA,NA,147.4,145.2,144.04,NA,139.74,148.44,136.95,NA,NA,NA
07-2005,165.14,NA,NA,152.68,164.87,168.6,178.22,160.5,163.21,163.81,174.75,149.46,NA,NA,NA,NA,NA,NA,139.92,140.29,143.91,NA,140.25,143.4,134.23,NA,NA,NA
08-2005,162.44,NA,NA,147.69,159.83,164.54,175.12,150.78,156.64,154.82,172.86,145.35,NA,NA,NA,NA,NA,NA,135.04,134.42,134.75,NA,137.74,134.26,133.57,NA,NA,NA
09-2005,158.74,NA,NA,141.81,154.97,161.79,172.34,148.33,158.05,157.64,173.6,145.52,NA,NA,NA,NA,NA,NA,133.11,132.44,130.07,NA,131.6,130.22,128.2,NA,NA,NA
10-2005,164.77,NA,NA,140.27,157.58,164.47,174.77,152.78,164.57,162.93,168.34,146.45,NA,NA,NA,NA,NA,NA,133.4,129.92,131.35,NA,131.71,131.44,124.39,NA,NA,NA
11-2005,173,NA,NA,144.91,172.27,176.31,184.67,165.43,172.59,175.3,178.59,149.97,NA,NA,NA,NA,NA,NA,138.44,130.31,136.2,NA,136.35,141.29,134.59,NA,NA,NA
12-2005,177.2,NA,NA,149.12,176.88,178.09,183.43,165.61,176.92,172.62,191.3,156.77,NA,NA,NA,NA,NA,NA,145.3,133.04,144.6,NA,135.92,140.31,136.2,NA,NA,NA
01-2006,178.14,NA,NA,151.28,169,172.8,177.45,165.15,163.16,159.21,170.22,158.06,NA,NA,NA,NA,NA,NA,135.08,132.17,131.51,NA,127.67,126.03,128.51,NA,NA,NA
02-2006,174.14,NA,NA,149.85,162.75,172.61,175.54,159.41,159.21,160.93,166.2,144.9,NA,NA,NA,NA,NA,NA,133.41,127.5,129.61,NA,132.78,127.28,128.12,NA,NA,NA
03-2006,173.29,NA,NA,149.67,164.98,168.68,177.28,160.61,161.61,158.28,164.1,146.29,NA,NA,NA,NA,NA,NA,136.22,125.03,134.25,NA,132.26,133.46,134.03,NA,NA,NA
04-2006,168.93,NA,NA,153.77,170.22,175.64,182.95,161.88,172.24,168.89,171.86,154.14,NA,NA,NA,NA,NA,NA,142.7,126.99,140.75,NA,140.94,143,139.82,NA,NA,NA
05-2006,167.11,NA,NA,150.53,165.34,168.92,178.99,163.37,166.13,164.13,173.47,156.19,NA,NA,NA,NA,NA,NA,138.41,133.77,146.04,NA,144.96,151.03,147.07,NA,NA,NA
06-2006,163.52,NA,NA,149.3,159.97,165.07,172.31,152.32,160.09,159.02,168.33,156.56,NA,NA,NA,NA,NA,NA,134.25,137.18,143.99,NA,137.83,144.98,140.89,NA,NA,NA
07-2006,162.28,NA,NA,143.43,156.75,159.68,170.5,151.47,157.86,160.31,171.02,152.64,NA,NA,NA,NA,NA,NA,134.03,134.83,134.14,NA,137.24,135.89,135.07,NA,NA,NA
08-2006,161.59,NA,NA,140.1,160.24,155.23,169.62,147.67,154.48,158.89,171.72,145.54,NA,NA,NA,NA,NA,NA,132.11,129.46,133.23,NA,131.26,130.87,133.75,NA,NA,NA
09-2006,162.36,NA,NA,140.46,161.17,163.33,172.1,149.8,158.36,164.76,177.68,144.69,NA,NA,NA,NA,NA,NA,131.03,126.15,132.23,NA,129.92,131.66,135.16,NA,NA,NA
10-2006,163.56,NA,NA,143.74,172.27,166.75,179.74,157.91,165.05,173.36,179.07,147.4,NA,NA,NA,NA,NA,NA,136.96,128,136.62,NA,134.23,130.62,134.57,NA,NA,NA
11-2006,173.74,NA,NA,149.18,179.25,179.09,185.29,163.84,177.45,178.29,192.01,156.47,NA,NA,NA,NA,NA,NA,145.44,129.27,135.61,NA,137.78,134.69,140.48,NA,NA,NA
12-2006,171.85,NA,NA,152.44,171.49,171.39,182.05,158.17,167.98,168.6,186.23,157.16,NA,NA,NA,NA,NA,NA,137.61,132.92,133.88,NA,140.72,132.14,134.81,NA,NA,NA
01-2007,173.43,NA,NA,154.48,176.24,176.57,184.72,168.99,170.29,172,186.36,159.49,NA,NA,NA,NA,NA,NA,142.74,128.18,139.2,NA,137.71,137.12,137.24,NA,NA,NA
02-2007,177.08,NA,NA,156.18,185.37,177.69,185.96,172.41,173.3,171.85,184.85,163.21,NA,NA,NA,NA,NA,NA,141.66,142.93,141.54,NA,145.81,148.92,143.23,NA,NA,NA
03-2007,180.27,NA,NA,156.64,190.11,192.26,192.86,174.12,182.15,176.41,192.94,168.24,NA,NA,NA,NA,NA,NA,149.77,156.4,147.62,NA,151.44,152.83,149.58,NA,NA,NA
04-2007,177.81,NA,NA,156.56,175.92,181.22,188.8,171.5,172.04,175.53,199.09,170.44,NA,NA,NA,NA,NA,NA,150.45,151.12,140.37,NA,149.21,146.1,150.36,NA,NA,NA
05-2007,167.29,NA,NA,154.07,167.5,175.33,184.93,162.76,169.66,168.02,192.91,164.69,NA,NA,NA,NA,NA,NA,142.49,139.79,139.19,NA,145.39,134.17,135.71,NA,NA,NA
06-2007,171.31,NA,NA,153.84,165.82,173.33,187.45,164.63,170.94,167.7,193.9,154.91,NA,NA,NA,NA,NA,NA,140.45,136.85,134.07,NA,139.22,138.59,137.05,NA,NA,NA
07-2007,172.3,NA,NA,152.35,162.37,177.71,186.98,164.04,167.85,173.27,200.97,154.58,NA,NA,NA,NA,NA,NA,142.98,130.83,143.55,NA,148.3,143.48,137.88,NA,NA,NA
08-2007,176.21,NA,NA,155.79,175.59,182.14,193.04,172.55,174.28,180.63,206.39,161.64,NA,NA,NA,NA,NA,NA,150.82,141.53,151.24,NA,162.56,149.26,146.93,NA,NA,NA
09-2007,176.57,NA,NA,159.28,180.57,187.95,194.34,179.95,176.62,184.95,206.78,165.59,NA,NA,NA,NA,NA,NA,157.15,147.75,144.64,NA,163.03,145.15,148.06,NA,NA,NA
10-2007,177.82,NA,NA,161.72,186.77,194.27,201.25,182.84,179.15,187.08,213.97,172.72,NA,NA,NA,NA,NA,NA,151.42,146.96,143.16,NA,151.99,142.07,151.66,NA,NA,NA
11-2007,189.2,NA,NA,167.96,194.05,194.92,205.48,179.98,185.31,186.92,205.18,176.57,NA,NA,NA,NA,NA,NA,160.1,146.71,142.43,NA,157.76,145.42,158.2,NA,NA,NA
12-2007,193.23,NA,NA,189.34,204.8,194.46,214.63,189.51,187.23,190.83,212.92,190.01,NA,NA,NA,NA,NA,NA,171.16,158.35,155.09,NA,167.91,155.41,158.71,NA,NA,NA
01-2008,209.2,NA,NA,195.13,216.78,206.22,229.09,198.54,197.77,196.4,214.27,192.81,NA,NA,NA,NA,NA,NA,168.67,164.69,159.8,NA,172.05,166.9,173.01,NA,NA,NA
02-2008,208.74,NA,NA,185.06,206.42,203.82,226.2,197.9,196.5,193.97,214.65,191.43,NA,NA,NA,NA,NA,NA,165.35,171.94,169.88,NA,176.74,172.03,167.77,NA,NA,NA
03-2008,200.83,NA,NA,189.94,213.48,214.66,223.94,206.8,196.98,202.46,216.12,190.41,NA,NA,NA,NA,NA,NA,168.22,175.11,169.85,NA,180.48,166.13,171.37,NA,NA,NA
04-2008,214.22,NA,NA,193.68,228.32,222.24,227.81,212.39,209.52,210.42,226.78,202.6,NA,NA,NA,NA,NA,NA,173.29,188.83,180.9,NA,187.89,172.18,176.66,NA,NA,NA
05-2008,217.6,NA,NA,191.38,230.55,222.93,233.92,222.98,220.74,226.43,236.58,206.4,NA,NA,NA,NA,NA,NA,183.4,196.79,187.21,NA,204.64,196.62,176.05,NA,NA,NA
06-2008,231.6,NA,NA,211.74,236.03,236.16,245.24,220.46,227.58,238.15,246.72,209.91,NA,NA,NA,NA,NA,NA,191.75,196.11,194.43,NA,211.41,200.85,185.53,NA,NA,NA
07-2008,236.69,NA,NA,204.22,247.01,240.03,252.13,230.19,244.3,238.53,259.29,211.13,NA,NA,NA,NA,NA,NA,196.61,199.49,194.9,NA,211.64,197.35,195.65,NA,NA,NA
08-2008,229.17,NA,NA,206.56,231.26,214.68,241.15,207.99,229.93,219.01,241.16,206.33,NA,NA,NA,NA,NA,NA,185.86,178.37,182.29,NA,188.93,176.09,187.28,NA,NA,NA
09-2008,221.03,NA,NA,198.28,220.97,215.58,234.68,205.09,218.1,223.47,232.16,191.19,NA,NA,209.23,NA,NA,NA,176.05,169.67,177.82,NA,183.57,167.76,174.25,NA,NA,NA
10-2008,220.44,NA,NA,200.7,222.71,220.99,238.15,213.56,221.4,228.44,239.82,195.31,NA,NA,221.35,NA,NA,NA,180.07,183.36,177.32,NA,198.23,169.4,182.61,NA,NA,NA
11-2008,225.6,NA,NA,206.51,225.4,225.26,238.66,226.16,228,226.64,239,198.48,NA,NA,220.91,NA,NA,NA,179.39,187.44,174.83,NA,198.05,175.22,186.36,NA,NA,NA
12-2008,236.15,NA,NA,209.43,230.25,239.78,239.49,227.54,229.39,239.03,254.86,199.05,NA,NA,225.83,NA,NA,NA,193.28,197.32,200.55,NA,212.8,183.61,193.06,NA,NA,NA
01-2009,234.6,NA,NA,220.37,232.03,224.74,241.53,238.44,227.89,231.79,247.25,210.7,NA,NA,228.28,NA,NA,NA,184.48,187.21,177.88,NA,203.06,177.6,201.71,NA,NA,NA
02-2009,231.13,NA,NA,211.11,217.27,223.52,237.34,232.48,228.37,227.98,247.06,201.62,NA,NA,226,NA,NA,NA,180.32,183.16,179.27,NA,202.36,179.93,197.08,NA,NA,NA
03-2009,217.5,NA,NA,209.21,206.59,218.63,221.9,217.91,210.56,214.2,238.73,203.04,NA,NA,216.27,NA,NA,NA,167.37,179.2,174.72,NA,191.73,175.48,193.41,NA,NA,NA
04-2009,221.18,NA,NA,211.85,214.55,222.6,225.63,219.32,209.73,210.13,234.81,200.52,NA,NA,210.69,NA,NA,NA,163.76,186.28,184.02,NA,191.77,176.65,191.17,NA,NA,NA
05-2009,221.34,NA,NA,212.67,216.09,221.01,227.36,225.45,211.33,214.18,243.43,200.9,NA,NA,213.68,NA,NA,NA,168.8,185.33,189,NA,201.16,191.79,198.63,NA,NA,NA
06-2009,216.29,NA,NA,212.82,218.18,220.2,228.1,227.3,213.52,217.46,243.66,201.6,NA,NA,213.82,NA,NA,NA,176.35,188.67,187.3,NA,200.91,190.93,199.01,NA,NA,NA
07-2009,217.78,NA,NA,195.55,214.55,211.88,227.17,223.11,206.71,215.26,237.45,201.71,NA,NA,215.43,NA,NA,NA,173.47,182.12,183.67,NA,200.56,190.29,195.7,NA,NA,NA
08-2009,217.27,NA,NA,196.68,213.51,213.75,225.69,223.09,211.47,216.53,238.67,202.69,NA,NA,217.9,NA,NA,NA,168.06,176.57,178.12,NA,194.11,186.31,191.12,NA,NA,NA
09-2009,218.23,NA,NA,181.29,215.42,219.64,229.89,226.02,214.26,224.26,245.86,202.18,NA,NA,219.38,NA,NA,NA,164.5,172.47,173.98,NA,182.04,178.42,195.68,NA,NA,NA
10-2009,222.07,NA,NA,197.96,220.52,224.75,230.03,224.57,216.59,226.37,248.29,202.8,NA,NA,217.17,NA,NA,NA,168.15,170.29,175.19,NA,182.95,176.45,197.63,NA,NA,NA
11-2009,216.22,NA,NA,205.95,225.33,226.97,234.99,227.81,222.67,227,254.62,203.56,NA,NA,218.99,NA,NA,NA,167.87,182.16,175.62,NA,189.73,175.91,200.45,NA,NA,NA
12-2009,222.22,NA,NA,190.9,213.97,213.36,228.19,219.09,211.85,210.9,237.58,204.32,NA,NA,215.94,NA,NA,NA,169.18,176.96,170.63,NA,186.05,171.31,183.15,NA,NA,NA
01-2010,214.47,NA,NA,199.71,205.69,213.77,225.02,217.2,211.99,213.23,236.55,204.62,NA,NA,216.53,NA,NA,NA,169.13,175.86,171.97,NA,186.72,172.29,185.77,NA,NA,NA
02-2010,216.89,NA,NA,190.63,216.51,221.8,229.64,224.74,215.61,217.59,238.46,204.93,NA,NA,223.9,NA,NA,NA,169.57,176.89,179.28,NA,193.5,184.08,198.24,NA,NA,NA
03-2010,236.41,NA,NA,206.91,224.37,240.22,253.74,232.23,231.3,229.8,257.07,215.72,NA,NA,231.31,NA,NA,NA,181.7,182.43,196.29,NA,199.14,202.01,208.71,NA,NA,NA
04-2010,237.76,NA,NA,206.46,239.06,253.13,261.39,244.07,238.71,239.67,268.72,227.04,NA,NA,241.52,NA,NA,NA,184.97,187.21,203.86,NA,223.22,214.48,220,NA,NA,NA
05-2010,233.25,NA,NA,212.07,240.47,240.36,256.31,242.85,233.49,235.89,256.86,221.74,NA,NA,249.39,NA,NA,NA,187.1,185.73,200.09,NA,219.57,216.85,216.18,NA,NA,NA
06-2010,230.39,NA,NA,223.13,231.54,228.16,249.06,231.12,227.14,232.46,248.15,215.22,NA,NA,236.57,NA,NA,NA,184.17,181.92,193.94,NA,211.72,208.79,207.85,NA,NA,NA
07-2010,221.17,NA,NA,215.02,217.97,213.1,239.38,222.27,216.11,221.42,237.67,215.32,NA,NA,233,NA,NA,NA,181.04,181.73,191.17,NA,208.92,200.83,202.82,NA,NA,NA
08-2010,213.98,NA,NA,213.97,213.81,211.88,235.65,217.96,214.57,221.24,240.91,207.97,NA,NA,226.26,NA,NA,NA,174.96,179.5,183.31,NA,195.58,188.22,192.69,NA,NA,NA
09-2010,215.99,NA,NA,217.66,217.66,219.54,241.08,225.35,219.28,223.73,243.73,211.31,NA,NA,228.76,NA,NA,NA,173.56,185.12,181.23,NA,193.08,192.2,199.77,NA,NA,NA
10-2010,224.24,NA,NA,229.93,229.64,230.13,253.79,231.26,231.96,230.85,247.21,219.57,NA,NA,229.28,NA,NA,NA,172.4,193.38,186.34,NA,200.97,195.64,205.18,NA,NA,NA
11-2010,236.73,NA,NA,236.31,235.83,242.35,264.61,246.75,239.06,238.98,249.78,224,NA,NA,250.56,NA,NA,NA,179.78,208.91,193.49,NA,205.84,206.32,210.64,NA,NA,NA
12-2010,233.67,NA,NA,234.61,236.24,242.67,265.15,242,243.97,238.14,252.15,226.09,NA,NA,252.06,NA,NA,NA,175.88,205.65,194.24,NA,219.8,205.5,201.7,NA,NA,NA
01-2011,255.65,NA,NA,241.59,244.12,252.24,261.25,250.26,237.17,246.58,254.7,228.55,NA,NA,255.8,NA,NA,NA,182.76,216.45,200.21,NA,224.58,204.85,209.49,NA,NA,NA
02-2011,250.48,NA,NA,241.53,246.63,249.02,261.18,246.31,245.15,241.47,256.51,228.94,NA,NA,252.75,NA,NA,NA,190.66,213.75,203.26,NA,221.15,211.4,210.44,NA,NA,NA
03-2011,250.35,NA,NA,242.55,248.77,259.8,267.58,258.32,248.42,250.28,261.13,232.76,NA,NA,251.38,NA,NA,NA,192.35,218.89,203.94,NA,234.85,209.77,220.75,NA,NA,NA
04-2011,248.32,NA,NA,237.16,247.03,255.16,268.52,256.12,246.53,252.55,264.63,231.4,NA,NA,247.92,NA,NA,NA,185.88,212.62,198.79,NA,229.39,202.03,203.38,NA,NA,NA
05-2011,248.93,NA,NA,240.35,247.23,260,272.98,260.59,245.98,255.12,265.7,229.62,NA,NA,245.54,NA,NA,NA,186.67,218.01,200.18,NA,225.28,207.66,202.4,NA,NA,NA
06-2011,246.1,NA,NA,232.58,248.06,256.91,273.48,256.14,247.03,266.44,272.24,232.63,NA,NA,250.3,NA,NA,NA,183.24,225.94,206.22,NA,230.97,213.64,204.69,NA,NA,NA
07-2011,241.89,NA,NA,229.38,245.09,241.47,263.38,250.76,238.77,254.84,259.6,233.14,NA,NA,249.49,NA,NA,NA,184.01,214.71,204.4,NA,223.31,212.55,206.58,NA,NA,NA
08-2011,244.24,NA,NA,227.21,249.48,253.1,266.75,249.58,244,260,271.25,235.66,NA,NA,248.1,NA,NA,NA,187.73,206.13,202.47,NA,219.52,211.09,209.35,NA,NA,NA
09-2011,241.9,NA,NA,231.46,250.96,250.81,267.19,249.6,242.07,260.33,272.09,235.75,NA,NA,249.38,NA,NA,NA,183.61,203.2,196.69,NA,205.97,208.51,208.07,NA,NA,NA
10-2011,243.11,NA,NA,233.48,252.2,251.97,266.97,251.98,245.97,260.99,277.34,237.85,NA,NA,251.58,NA,NA,NA,182.68,198.68,195.14,NA,200.55,206.17,205.12,NA,NA,NA
11-2011,249.13,NA,NA,233.67,256.7,261.69,276.31,263.91,253.19,268.57,279.64,242.82,NA,NA,258.32,NA,NA,NA,181.79,206.44,198.26,NA,206,210.52,205.11,NA,NA,NA
12-2011,247.88,NA,NA,246.7,264.01,262.9,277.27,275.39,248.63,262.44,276.86,243.75,NA,NA,255.79,NA,NA,NA,182.22,215.21,204.21,NA,212.36,215.99,208.82,NA,NA,NA
01-2012,259.59,NA,NA,250.82,268.07,271.71,285.54,271.16,256.52,271.64,274.63,248.77,NA,NA,258.52,NA,NA,NA,187.88,218.06,212.18,NA,213.63,223.16,214.21,NA,NA,NA
02-2012,255.91,NA,NA,251.04,264.28,263.46,276.54,267.19,246.15,255.88,269.61,248.84,NA,NA,252.93,NA,NA,NA,188.59,214.23,212.64,NA,218.21,219.42,204.53,NA,NA,NA
03-2012,253.7,NA,NA,234.14,260.93,256.74,273.25,260.23,246.11,255.52,264.19,245.07,NA,NA,257.41,NA,NA,NA,192.41,211.39,214.54,NA,219,223.1,211.9,NA,NA,NA
04-2012,255.5,NA,NA,235.36,258.78,252.04,277.27,262.14,249.36,257.9,268.1,248.41,NA,NA,267.19,NA,NA,NA,192.52,218.87,216.95,NA,225.41,223.97,217.92,NA,NA,NA
05-2012,253.21,NA,NA,246.39,264.95,260.49,283.69,271.16,255.32,255.29,272.45,250.61,NA,NA,272.86,NA,NA,NA,199.26,234,225.94,NA,232.82,239.92,228.25,NA,NA,NA
06-2012,259.7,NA,NA,244.03,265.9,270.36,287.63,277.7,262.01,260.12,280.26,252.97,NA,NA,273.73,NA,NA,NA,199.7,235.7,229.56,NA,234.32,231.46,213.2,NA,NA,NA
07-2012,275.58,NA,NA,258.66,288.26,290.64,299.39,290.8,268,266.38,299.96,259.89,NA,NA,279.06,NA,NA,NA,208.14,240.8,233.25,NA,245.17,237.66,218.78,NA,NA,254.3
08-2012,284.5,NA,NA,263.9,286.35,302.52,306.02,298.6,280.57,295.48,308.27,262.33,NA,NA,280.81,NA,NA,NA,212.99,245.75,233.36,NA,241.14,240.79,225.23,NA,NA,269.77
09-2012,281.87,NA,NA,250.13,295.6,297.17,309.08,300.71,280.42,310.92,311.44,262.4,NA,NA,287.82,NA,NA,NA,207.8,248.79,233.23,NA,241.28,239.53,217.71,NA,NA,262.71
10-2012,271.55,264.22,NA,251.12,290.61,295.39,311.55,293.83,282.97,282.8,305.72,268.58,NA,NA,298.22,NA,NA,NA,206.03,255.11,232.97,NA,247.18,250.28,223,NA,NA,262.45
11-2012,266.85,266.06,NA,237.92,282.82,272.1,299.26,295.31,270.84,283.68,286.83,270.22,NA,NA,284.85,NA,NA,NA,205.63,244.55,235.35,NA,246.43,248.05,220.49,NA,NA,248.96
12-2012,275.95,268.03,NA,263.17,290.88,281.83,304.9,290.89,271.31,290.05,294.37,271.58,NA,NA,290.27,NA,NA,NA,204.06,252.78,237.85,NA,239.65,248.95,227.12,NA,NA,252.88
01-2013,307.14,287.87,NA,287.94,299.79,303.86,318.4,315.38,285.94,309.21,309.33,280.51,NA,NA,301.73,NA,NA,NA,231.8,258.32,252.13,NA,269.56,257.43,267.65,NA,NA,275.69
02-2013,306.39,294.32,NA,286.34,313.48,306.83,326.59,313.4,293.25,314.46,318.16,286.7,NA,NA,314.18,NA,NA,NA,238.4,276.98,270.06,NA,283.27,278.92,270.04,NA,NA,276.53
03-2013,310.75,301.57,NA,287.78,323.97,314.99,336.26,332.24,294.78,307.37,321.95,291.86,NA,NA,328.49,NA,NA,NA,245.94,280.69,274.64,NA,279.24,280.01,281.05,NA,NA,274.27
04-2013,309.68,295.99,NA,284.22,324.53,327.52,344.3,328.94,296.69,311.41,312.28,307.18,NA,NA,339.64,NA,NA,NA,247.72,291.08,290.96,NA,286.58,298.35,268.05,NA,NA,275.07
05-2013,303.37,306.8,NA,293.96,314.78,321.41,342.05,325.87,297.92,306.54,323.17,308.77,NA,NA,322.98,NA,NA,NA,240.72,296.82,286.58,NA,281.67,290.94,257.98,NA,NA,277.75
06-2013,312.09,300.48,NA,289.62,308.48,310,340.46,315.63,294.5,307.44,329.16,309.01,NA,NA,316.29,NA,NA,NA,248.07,292.86,285.47,NA,284.69,296.67,260.2,NA,NA,266
07-2013,284.45,288.79,NA,269.34,293.48,300.71,327.44,310.73,279.66,284.03,305.91,299.07,NA,NA,310.52,NA,NA,NA,239.36,275.27,275.54,NA,271.61,279.98,259.73,NA,NA,260.66
08-2013,286.49,289.12,NA,258.45,290.54,298.42,319.66,310.03,281.31,284.33,311.5,296.11,NA,NA,305.78,NA,NA,NA,233.19,264.38,266.2,NA,267.49,270.37,257.54,NA,NA,257.54
09-2013,276.14,290.58,NA,257.99,295.96,295.59,312.07,301.55,283.18,281.08,311.34,292.35,NA,NA,304.33,NA,NA,NA,220.68,258.37,259.79,NA,263.8,270.43,256.16,NA,NA,257.51
10-2013,284.12,291.11,NA,262.47,302.76,312.9,321.14,313.78,296.76,288.36,324.87,293.2,NA,NA,300.59,NA,NA,NA,222.55,260.25,254.45,NA,265.88,270.21,256.78,NA,NA,264.88
11-2013,286.35,295.75,NA,254.44,310.84,316.88,325.56,321.41,297.71,296.07,328.72,296.05,NA,NA,307.39,NA,NA,NA,218.71,269.28,257.16,NA,271.93,268.34,259.93,NA,NA,261.7
12-2013,289.72,301.2,NA,274.67,312.25,315.52,327.24,321.39,301.32,319.33,329.18,296.34,NA,NA,307.71,NA,NA,NA,216.78,273.47,258.81,NA,273.36,274.69,265.13,NA,NA,264.98
01-2014,304.09,288.57,NA,273.84,306.01,310.52,323.47,327.13,294.06,322.7,321.05,296.39,NA,NA,323.22,NA,NA,NA,214.19,274.6,264.17,NA,269.95,280.75,265.86,NA,NA,269.89
02-2014,295.23,292.09,NA,275.32,308.16,314.72,325.35,328.43,293.49,330.75,316.55,298.86,NA,NA,312.09,NA,NA,NA,225.57,269.81,255,NA,270.07,278.65,262.78,NA,NA,272.5
03-2014,323.02,329.61,NA,310.04,307.18,345.11,351.46,343.7,329.55,345.63,356.17,308.45,NA,NA,308.19,NA,NA,NA,225.82,286.41,263.17,NA,271.31,280.06,272.56,NA,NA,279.12
04-2014,331.53,330.61,NA,293.27,342.49,346.18,357.85,351.27,335.73,351.66,359.37,310.91,NA,NA,309.66,NA,NA,NA,238.04,288.42,270.15,NA,282.56,288.67,274.38,NA,NA,280.02
05-2014,331.19,323.84,NA,296.77,345.14,348.04,366.54,352.76,341.2,350.31,366,315.08,NA,NA,313.12,NA,NA,NA,241.72,304.06,272.35,NA,289.07,302.81,277.52,NA,NA,285.7
06-2014,324.07,309.09,NA,295.12,319.84,343.44,354.63,345.98,332.3,353.76,351.36,318.46,NA,NA,332.15,NA,NA,NA,247.64,298.01,281.7,NA,292.49,307.44,278.97,NA,NA,277.78
07-2014,300.86,293.55,NA,280.93,308.35,330.22,345.42,330.71,308.66,346.99,330.69,308.37,NA,NA,326.85,NA,NA,NA,239.72,287.19,270.6,NA,277.07,296.16,270.06,NA,NA,272.82
08-2014,297.27,288.28,NA,276.18,303.5,327.64,337.8,329.13,303.28,340.62,325.64,301.52,NA,NA,301.72,NA,NA,NA,230.52,278.68,268.87,NA,270.57,290.97,266.34,NA,NA,278.12
09-2014,300.54,285.02,NA,279.95,303.54,326.78,333.12,328.33,301.08,340.76,327.65,298.68,NA,NA,302.49,NA,NA,NA,233.18,277.37,268.56,NA,267.39,285.18,263.63,NA,NA,278.17
10-2014,303.28,296.22,NA,287.46,307.5,336.1,341.04,329.19,314.25,353.18,340.63,298.64,NA,NA,306.69,NA,NA,NA,232.82,277.6,266.47,NA,265.27,280.88,257.8,NA,NA,281.53
11-2014,321.05,303.69,NA,295.79,309.56,325.91,347.96,331.34,319.26,346.61,342.62,302.28,NA,NA,311.42,NA,NA,NA,241.72,280.59,264.99,NA,258.93,274.44,255.72,NA,NA,280.99
12-2014,329.66,308.32,NA,301.21,316.06,338.03,354.19,333.15,315.84,353.1,348.56,307.63,NA,NA,320.7,NA,NA,NA,245.7,280.39,272.02,NA,268.71,286.39,267.82,NA,NA,308.26
01-2015,353.6,329.58,NA,323.73,337.57,353.51,371.22,348.3,335.82,360.64,361.11,310.78,NA,NA,317.84,NA,NA,NA,264.84,288.99,278.73,NA,277.56,290.43,299.17,NA,NA,326.12
02-2015,355.7,326.43,NA,325.64,341.72,357.27,378.86,354.85,341.64,359.76,353.81,314.89,NA,NA,321.29,NA,NA,NA,264.67,292.23,286.22,NA,289.65,294.93,311.65,NA,NA,328.74
03-2015,351.93,327.67,NA,323.48,343.22,358.68,379.35,363.62,349.69,358.14,360.01,320.02,NA,NA,337.11,NA,NA,NA,273.21,304.59,288.43,NA,289.21,298.6,302.97,NA,NA,328.15
04-2015,358,347.48,NA,327.69,348.36,374.85,387.05,376.46,359.39,368.32,368.97,322.81,NA,NA,331.28,NA,NA,NA,281.61,316.2,299.9,NA,300.73,307.46,314.44,NA,NA,333.67
05-2015,370.23,364.35,NA,347.03,355.92,395.23,402.05,387.92,364.8,394.29,384.57,338.92,NA,NA,343.78,NA,NA,NA,277.16,344.3,303.8,NA,312.41,331.23,348.04,NA,NA,349.62
06-2015,359.61,349.8,NA,329.65,338.76,368.71,392.77,367.94,359.69,386.1,384.13,356.24,NA,NA,352.35,NA,NA,NA,275.42,325.4,309.48,NA,302.76,318.53,320.03,NA,NA,328.42
07-2015,354.94,347.08,NA,327.47,345.02,372.24,395.83,368.01,360.28,376.69,383.22,339.27,NA,NA,340.84,NA,NA,NA,285.44,332.82,306.53,NA,293.58,309.38,317.9,NA,NA,339.22
08-2015,342.66,338.79,NA,320.69,337.42,360.23,386.04,358,354.94,372.79,387.83,334.45,NA,NA,340.59,NA,NA,NA,283.02,317.52,307.39,NA,286.36,309.42,305.11,NA,NA,325.9
09-2015,338.28,336.69,NA,311.2,338.19,362.9,383.21,361.54,356.51,383.1,385.7,319.2,NA,NA,335.73,NA,NA,NA,280.26,305.2,299.65,NA,282.72,298.58,297.07,NA,NA,324.69
10-2015,345.38,339.2,NA,310.73,338.61,359.66,382.13,357.3,349.93,378.45,380.8,321.72,NA,NA,337.42,NA,NA,NA,282.87,306.23,298.17,NA,285.47,297.78,297.83,NA,NA,321.06
11-2015,377.24,368.59,NA,321.85,362.19,385.8,399.21,378.91,375.26,391.85,404.62,325.69,NA,NA,352.87,NA,NA,NA,291.8,317.86,310.15,NA,302.14,323.15,323.23,NA,NA,337.45
12-2015,392.93,378.55,NA,335.87,376.91,394.21,412.12,384.99,387.79,414.12,418.82,351.38,NA,NA,357.29,NA,NA,NA,296.82,335.59,316.82,NA,309.92,327.82,331.2,NA,NA,345.84
12-2015 (1),398.65,388.47,390.88,335.58,370.49,397.91,418.13,389.02,391.78,424.06,424.39,351.94,363.9,341.77,367.79,346.02,347.47,310.96,305.75,342.72,324.73,324.44,312.46,333.84,314.23,327.49,343.59,354.05
01-2016,451.76,412.61,423,388.45,417.72,448.06,448.31,438.42,398.46,437.24,432.64,374.5,389.93,354.21,405.72,395.31,365.79,341.53,350.73,368.64,349.75,337.32,329.2,344.47,349.26,351.17,375.05,396.39
02-2016,438.69,387.87,402.57,371.8,400.29,430.56,443.4,401.38,392.75,430.69,416.82,406.86,403.83,385.85,437.86,364.49,359.68,349.22,362.09,387.63,360.66,347.38,331.79,349.96,337.84,355.29,377.93,388.93
03-2016,444.74,394.04,407.72,378.45,408.84,440.79,444.11,418.18,400.78,441.06,420.9,413.87,375.37,372.52,381.52,376.93,354.29,342.66,349.32,386.3,351.88,342.55,325.98,347.21,348.71,356.56,385.8,378.92
04-2016,427.68,402.89,402.29,382.16,399.24,433.96,442.42,414.26,396.34,438.56,426.93,412.51,384.82,380.78,383.72,365.75,354.21,343.86,348.24,385.14,365.83,349.78,334.49,358.55,344.29,357.11,378.21,372.31
05-2016,441.6,401.63,410.09,385.24,408.5,436.02,449.7,418.96,410.05,420.63,443.46,402.97,396.88,378.35,386.08,369.86,360.81,335.31,344.83,375.13,361.39,357.19,337.49,353.78,354.12,360.12,375.64,379.38
06-2016,448.4,428.73,430.78,421.46,425.82,439.33,469.02,428.69,416.49,463.24,465.03,419.28,409.97,387.44,384,392.05,390.22,358.88,376.73,386.78,366.06,368.19,352.12,365.79,365.77,368.49,395.69,397.22
07-2016,447.36,430.37,442.5,424.47,423.1,448.28,475.27,436.24,420.24,443.11,468.78,416.75,442.83,393.72,404.22,404.27,388.05,371.94,379.29,403.38,387.24,384.75,362.63,374.54,380.03,384.63,400.27,382.05
08-2016,451.29,440.86,453.1,411.12,429.64,455.45,475.11,436.53,431.14,457.11,474.34,421.33,441.6,405.18,401.5,410.84,395.84,377.16,370.7,410.11,385.83,396.72,365.46,371.6,376.45,386.2,399.73,418.16
09-2016,461.99,432.27,453.65,393.39,421.55,451.58,471.57,435.27,424.87,449.05,477.69,424.43,444.04,384.2,401.44,411.86,389.22,372.13,372.29,415.94,386.92,394.75,367.54,375.55,381.93,383.04,402.34,413.2
10-2016,436.85,436.51,452.62,389.44,418.47,456.44,469.55,449.16,432.98,475.32,478.07,425.03,441.05,379.32,409.88,404.6,397.71,379.34,378.17,415.41,385.5,403.12,366.9,372.07,375.6,386.41,395.21,410.67
11-2016,436.68,425.78,431.46,387.56,400.9,448.73,450.39,438.85,421.37,466.25,469.04,415.86,408.63,379.82,394.21,390.48,387.71,380.74,368.52,406.52,370.65,398.9,354.59,353.08,358.77,371.42,383.52,404.92
12-2016,433.74,408.06,426.22,386.84,394.66,443.75,438.89,426.32,409.86,453.8,459.02,410.71,395.69,370.27,395.08,383.09,377.69,384.44,349.68,394.19,366.16,391.56,351.96,347.96,355.15,356.07,378.95,395.22
01-2017,432.65,393.25,408.51,385.84,389.69,440.16,435.89,422.38,397.69,441.92,453.67,406.4,380.09,365.41,395.79,377.72,373.43,335.15,357.32,412.48,368.95,391.26,349.61,346.44,359.75,353.97,381.12,391.84
02-2017,416.59,385.38,394.45,380.18,377.66,424.55,426.22,414.03,387.27,434.13,435.51,395.57,367.34,358.78,375.44,370,365.89,330.58,344.72,401.91,364.75,371.31,351.68,344.06,349.4,354.45,376.48,387.68
03-2017,415.39,391.95,389.94,388.31,385.57,431.31,435.34,415.75,389.52,433.7,437.22,394.21,371.49,362.13,371.93,373.56,372.96,323.34,351.81,408.83,374.18,369.33,364.12,356.21,349.66,364.28,391.15,388.74
04-2017,427.37,402.19,411.41,388.83,397.36,448.51,446.28,431.54,404.55,453.54,464.19,398.12,388.99,368.29,373.98,392.85,383.96,333.18,363.87,423.08,382.52,374.63,368.86,368.74,366.63,365.57,397.3,396.17
05-2017,422.53,395.11,402.52,392.72,390.6,442.56,458.93,422.03,403.51,446.52,460.65,402.76,387.98,369.38,374.92,376.15,385.76,333.15,371,404.5,383.81,377.51,364.97,379.39,351.31,364.8,397.38,392.88
06-2017,404.88,386.68,395.23,390.1,374.87,420.35,441.61,404.54,394.49,432.4,443.66,393.01,383.99,370.95,368.09,362.85,381.14,333.35,365.55,408.49,369.78,373.67,354.32,373.84,350.22,365.52,389.39,388.69
07-2017,405.4,382.17,395.04,386.67,383.69,425.62,445.83,409.51,399,439.87,453.56,388.67,372.23,365.49,361.44,369.41,385.17,332.06,364.27,400.67,361.41,371.38,358.15,361.65,357.28,367.59,382.63,380.57
08-2017,396.54,355.09,375.96,386.81,365.05,410.43,431.66,397.89,385.11,426.3,445.76,375.82,377.45,359.61,357.97,NA,376.84,NA,353.85,389.35,351.08,374.75,336.12,340.54,332.1,352.36,NA,373.19
09-2017,383.03,359.24,366.94,372.99,361.82,410.27,421.02,391.76,376.46,419.17,436.68,369.89,NA,NA,355.47,NA,NA,NA,344.16,370.46,334.86,355.2,323.9,328.63,318.52,338.38,NA,369.93
10-2017,388.78,368.83,379.74,362.58,365.89,421.05,428.13,393.71,388.06,416.41,446.87,367.03,NA,NA,349.19,NA,NA,NA,340.37,367.61,330.38,346.26,325.09,325.96,318.31,337.37,NA,369.49
11-2017,380.52,364.33,375.6,361.96,359.71,407.37,423.23,387.93,381.26,415,444.16,358.74,NA,NA,345.66,NA,NA,NA,341.09,363.92,324.9,347.77,328.21,327.85,315.98,333.14,NA,370.11
12-2017,379.77,366.26,376.71,360.7,361.61,418.71,424.36,385.19,374.94,418.61,426.74,356.67,NA,NA,347.47,NA,NA,NA,340.02,367.45,329.52,349.4,331.18,332.15,316.65,334.13,NA,362.38
01-2018,416.5,384.26,403.35,362.23,380.02,443.81,439.2,417.73,399.72,430.52,446.69,366.99,NA,NA,356.48,NA,NA,NA,349.97,387.61,368.76,NA,360.48,356.47,333.98,355.22,NA,NA
02-2018,408.68,372.79,395.03,364.01,381.9,438.36,437.33,410.84,392.91,425.05,434.5,379.36,NA,NA,357.05,NA,NA,NA,341.59,395.47,354.15,NA,348.96,356.06,336.59,356.74,NA,376.2
03-2018,404.6,382.47,398.54,360.43,378.13,441.19,437.84,410.59,401.65,426.79,434.7,367.06,NA,NA,358.28,NA,NA,NA,339.77,389,349.83,NA,343.26,342.46,322.88,353.16,NA,NA
04-2018,402.31,378.4,391.56,365.81,376.58,440.06,434.8,409.8,394.07,426.73,430.29,366.19,NA,NA,360.65,NA,NA,NA,342.39,378.98,335.77,NA,337.67,333.11,325.42,345.33,NA,NA
05-2018,404.65,398.14,395.49,366.65,375.11,446.03,441.16,409.95,397.17,441.62,437.73,367.56,NA,NA,357.71,NA,NA,NA,349.29,390.79,346.42,NA,341.18,336.36,327.56,349.98,NA,NA
06-2018,413.02,380.18,425.32,365.81,373.92,445.58,451.63,413.73,412.44,425.3,452.81,381.65,NA,NA,367.89,NA,NA,NA,349.55,392.35,349.8,NA,351.11,355.93,333,358.71,NA,368.77
07-2018,390.34,370.59,388.43,366.38,363.28,421.89,437.42,406.43,391.32,415.27,435.02,361.11,NA,NA,355.17,NA,NA,NA,344.89,379.26,347.15,NA,341.09,347.43,321.62,336.67,NA,360.86
08-2018,385.62,364.66,385.61,362.47,357.93,417.05,432.81,395.7,389.15,431.3,419.81,360.3,NA,NA,360.17,NA,NA,NA,344.92,372.89,335.49,NA,335.61,340.14,311.92,329.42,NA,NA
09-2018,390.14,383.77,NA,354.11,358.83,418.48,432.83,395.64,387.39,435.47,423.01,359.51,NA,NA,NA,NA,NA,NA,342.34,367.14,328.99,NA,330.3,332.75,315.86,324.04,NA,NA
10-2018,408.57,396.8,NA,357.72,372.77,443.69,446.02,419.69,406.42,450.35,449.89,361.7,NA,NA,NA,NA,NA,NA,342.5,393.4,334.1,NA,329.9,330.2,331.02,333.36,NA,NA
11-2018,430.82,420.8,NA,368.06,401.9,460.24,471.37,408.55,416.41,454.87,463.09,372.24,NA,NA,NA,NA,NA,NA,349.76,411.66,339.39,NA,332.21,333.5,330.17,354.83,NA,NA
12-2018,435.83,422.88,NA,388.86,408.71,466.75,471.44,403.79,419.05,457.82,464.72,382.31,NA,NA,NA,NA,NA,NA,358.75,397.34,345.21,NA,341.4,340.57,343.82,353.4,NA,NA
01-2019,427.1,414.83,NA,398.23,405.4,460.46,467.65,424.21,401.63,437.55,441.65,384.78,NA,NA,NA,NA,NA,NA,356.56,403.99,360.92,NA,351.83,348.85,353.43,353.85,NA,NA
02-2019,427.54,438.64,NA,416.4,425,464.47,482.4,449.54,414.03,441.89,449.95,383.76,NA,NA,NA,NA,NA,NA,379.61,416.86,378.26,NA,375.58,376.34,362.93,368.82,NA,NA
03-2019,474.94,447.5,NA,433.43,443.26,496.33,509.11,475.84,443.86,474.07,479.53,408.67,NA,NA,NA,NA,NA,NA,385.62,445.12,400.38,NA,399.01,401.35,382.35,395.58,NA,NA
04-2019,487.02,492.55,NA,445.28,456.91,515.58,522.05,498.54,461.91,482.3,499.38,423.17,NA,NA,NA,NA,NA,NA,404.68,459.2,412.27,NA,410.1,417.03,396.75,423.66,NA,NA
05-2019,487.3,423.97,NA,425.35,424.85,492.93,507.07,484.84,451.38,487.93,496.13,418.05,NA,NA,NA,NA,NA,NA,408.16,444.44,403.57,NA,406.07,417.85,392.97,NA,NA,NA
06-2019,454.9,428.33,NA,421.65,429.3,498.67,501.68,485.34,446.54,494.96,498.41,407.67,NA,NA,NA,NA,NA,NA,383.09,448.73,398.72,NA,397.24,396.21,384.76,NA,NA,NA
07-2019,449.27,420.07,NA,420.55,415.03,479.28,493.16,466.93,443.68,483.2,493.22,403.35,NA,NA,NA,NA,NA,NA,359.95,432.96,385.58,NA,381.27,381.1,372.25,NA,NA,NA
08-2019,433.45,408.11,NA,399.4,401.14,462.24,481.44,441.5,441.28,464.24,469.17,393.94,NA,NA,NA,NA,NA,NA,337.96,402.84,367.86,NA,354.44,361.64,350.75,NA,NA,NA
09-2019,420.01,396.98,NA,391.31,390.93,458.21,473.85,429.06,424.81,454.94,458.29,382.11,NA,NA,NA,NA,NA,NA,328.7,384.17,359.62,NA,352.57,367.16,345.04,NA,NA,NA
10-2019,441.91,409.3,NA,395.7,391.85,462.57,473.59,428.25,421.86,458.28,463.24,377.37,NA,NA,NA,NA,NA,NA,325.01,387.18,351.19,NA,341.9,359.55,347.65,NA,NA,NA
11-2019,NA,422.06,NA,400.16,393.58,455.37,465.81,462.06,413.63,478.68,453.82,381.28,NA,NA,NA,NA,NA,NA,325.4,395.82,347.14,NA,347.89,354.64,341.45,NA,NA,NA
12-2019,473.9,450.08,NA,454.75,444.91,516.91,506.5,499.23,458.88,511.7,506.3,414.13,NA,NA,NA,NA,NA,NA,351.97,433.64,373.56,NA,383.76,393.8,360.51,NA,NA,NA
01-2020,483.17,458,NA,455.08,456.35,507.13,517.51,492.2,452.32,489.13,502.98,415.56,NA,NA,NA,NA,NA,NA,368.69,433.39,388.02,NA,389.26,395.93,376.49,NA,NA,NA
02-2020,481.78,445.4,NA,448.62,459.1,505.55,519.76,480.03,447.91,493.15,492.83,432.95,NA,NA,NA,NA,NA,NA,371.22,462.99,403.98,NA,405.88,420.27,395.49,NA,NA,NA
03-2020,484.15,474.53,NA,456.18,461.28,533.65,518.5,504.78,465.47,517.13,497.88,418.8,NA,NA,NA,NA,NA,NA,390.2,475.11,414.05,NA,426,433.28,408.06,NA,NA,NA
04-2020,471.17,495.69,NA,493.21,484.55,544.34,556.25,537.89,511.23,523.8,527.01,434.19,NA,NA,NA,NA,NA,NA,401.37,482.46,437.93,NA,428.28,461.26,425.12,NA,NA,NA
05-2020,441.09,455.35,NA,505.99,484.02,558.81,556.36,536.73,531.27,524.07,518.63,453.36,NA,NA,NA,NA,NA,NA,400.15,455.18,440.25,NA,429.57,451.45,410.33,NA,NA,NA
06-2020,450.45,475.01,NA,480.78,475.19,512.84,547.03,500.01,506.04,516.97,512.4,453.87,NA,NA,NA,NA,NA,NA,420.03,464.31,430.44,NA,442.46,435.3,419.18,NA,NA,NA
07-2020,449.96,479.79,NA,472.86,465.06,505.72,524.74,484.8,526.14,522.03,511.22,440.99,NA,NA,NA,NA,NA,NA,392.75,454.74,417.75,NA,430.66,436.1,415.22,NA,NA,NA
08-2020,443.28,484.46,NA,483.15,478.07,529.76,539.95,509.45,505.54,530.42,528.61,441.51,NA,NA,NA,NA,NA,NA,398.47,462.13,414.5,NA,419.47,439.19,418.72,NA,NA,NA
09-2020,445.76,492.8,NA,510.52,491.62,563.75,563.35,539.36,524.25,582.4,552.86,459.21,NA,NA,NA,NA,NA,NA,427.11,485.75,432.04,NA,422.31,464.31,459.33,NA,NA,NA
10-2020,490.48,520.12,NA,537.61,516.82,592.25,595.87,552.85,521.12,584.76,581.39,468.22,NA,NA,NA,NA,NA,NA,442.26,510.54,449.97,NA,436.76,469.05,454.5,NA,NA,NA
11-2020,572.64,589.08,NA,557.46,552.37,629.63,629.18,606.59,547.29,616.98,617.03,486.5,NA,NA,NA,NA,NA,NA,451.32,539.33,454.85,NA,455.43,462.98,488.1,NA,NA,NA
12-2020,591.82,576.48,NA,563.8,568.53,621.09,631.46,600.28,540.36,615.57,615.66,500.89,NA,NA,NA,NA,NA,NA,453.16,534.96,475.19,NA,458.79,469.39,479.08,NA,NA,567.89
01-2021,614.31,578.62,NA,574.76,592.26,644,654.15,624.62,559.73,651.37,626.25,507.31,NA,NA,NA,NA,NA,NA,450.84,532.97,471.87,NA,454.49,474.22,488.94,NA,NA,NA
02-2021,591.44,551.58,NA,560.67,573.53,629.82,639.47,609.27,572.77,639.81,632.67,512.95,NA,NA,NA,NA,NA,NA,445.9,523.46,484.54,NA,464.43,469.71,479.19,NA,NA,NA
03-2021,580.76,552.99,NA,552.05,555.67,612.56,626,596.91,577.17,632.75,623.37,515.77,NA,NA,NA,NA,NA,NA,468.79,517.05,478.52,NA,477.56,461.33,461.28,NA,NA,NA
04-2021,587.33,586.26,NA,556.27,565.78,622.04,632.61,610.98,583.61,634.53,626.11,505.87,NA,NA,NA,NA,NA,NA,469.66,525.26,490.04,NA,478.23,471.52,457.56,NA,NA,NA
05-2021,588.24,575.01,NA,564.04,NA,622.76,636.4,616.96,608.89,636.37,636.96,515.84,NA,NA,NA,NA,NA,NA,468.43,532.21,491.63,NA,501.7,480.8,470.14,NA,NA,NA
06-2021,584.99,566.78,NA,551.49,532.01,619.24,626.76,611.29,618.57,645.38,642.31,518.53,NA,NA,NA,NA,NA,NA,470.97,541.61,495.76,NA,500.2,483.92,467.3,NA,NA,NA
07-2021,582.35,588.84,NA,562.13,549.49,621.34,640.51,612.45,619.83,654.43,656.92,522.66,NA,NA,NA,NA,NA,NA,488.42,562.82,492.3,NA,506.51,487.6,482.58,NA,NA,NA
08-2021,594.59,609.33,NA,565.4,562.95,634.18,650.5,618.96,600.47,659,664.67,530.13,NA,NA,NA,NA,NA,NA,456.4,552.24,490.93,NA,508.04,491.46,485.44,NA,NA,NA
09-2021,617.65,630.83,NA,574.08,582.61,643.06,673.45,633.03,610.85,662.85,672.39,532.56,NA,NA,NA,NA,NA,NA,454.03,552.09,476.63,NA,493.29,489.4,478.86,NA,NA,NA
10-2021,644.09,653.4,NA,591.78,598.79,673.85,693.79,670.99,639.89,700.69,691.08,538.44,NA,NA,NA,NA,NA,NA,464.17,563.96,491.12,NA,504.66,485.26,487.59,NA,NA,NA
11-2021,631.95,645.17,NA,599.64,594.97,665.6,692.27,668.17,638.96,710.53,685.32,550.64,NA,NA,NA,NA,NA,NA,473.26,580.36,508.91,NA,521.08,524.73,505.94,NA,NA,NA
12-2021,621.56,641.37,NA,597.24,605.16,666.26,690.51,662.01,628.46,689.56,682.9,556.87,NA,NA,NA,NA,NA,NA,478.05,579.06,510.82,NA,529.54,532.37,518.21,NA,NA,NA
01-2022,661.09,660.11,NA,624.91,632.83,692.83,713.86,677.54,636.57,695.59,673,563.97,NA,NA,NA,NA,NA,NA,507.82,607.35,538.65,NA,551.06,543.1,540.01,NA,NA,NA
02-2022,670.98,678.43,NA,641.09,642.01,697.37,715.65,682.54,652.9,707.56,695.91,574.86,NA,NA,NA,NA,NA,NA,516.82,609.6,549.33,NA,557.2,549.2,552.3,NA,NA,NA
03-2022,704.65,715.81,NA,663.48,669.47,750.71,761.19,704.93,701.59,745.47,734.28,585.91,NA,NA,NA,NA,NA,NA,524.99,635.02,567.84,NA,575.33,561.57,560.39,NA,NA,NA
04-2022,741.55,761.73,NA,682.87,693.41,768.42,803.99,729.31,739.28,788,780.86,610.31,NA,NA,NA,NA,NA,NA,551.47,647.63,573.7,NA,595.37,582.74,575.84,NA,NA,NA
05-2022,696.34,706.12,NA,674.63,653.12,723.55,777.93,698.24,713.68,772.07,768.76,628.58,NA,NA,NA,NA,NA,NA,548.38,628.46,567.67,NA,586.42,595.89,578.88,NA,NA,NA
06-2022,698.36,702.65,NA,674.08,648.77,733.14,777.01,692.84,701.26,760.41,754.19,632.26,NA,NA,NA,NA,NA,NA,549.91,657,586.73,NA,611.79,612.34,580.82,NA,NA,NA
07-2022,703.93,707,NA,672.91,652.07,723.75,760.45,700.75,688.78,753.73,752.84,633.14,NA,NA,NA,NA,NA,NA,542.5,641.46,572.63,NA,587.58,616.63,586.54,NA,NA,NA
08-2022,689.31,698.31,NA,660.83,638.19,717.82,749.78,697.39,685.69,746.21,748.06,634.85,NA,NA,NA,NA,NA,NA,539.57,626.98,568.21,NA,580.74,598.14,576.93,NA,NA,NA
09-2022,687.21,711.09,NA,658.7,650.16,714.14,750.74,686.26,678.73,746.55,743.94,622.46,NA,NA,NA,NA,NA,NA,518.68,620.87,562.32,NA,581.53,580.01,560.31,NA,NA,NA
10-2022,699.09,733.65,NA,675.79,662.37,736.28,762.2,707.78,696.31,753.82,768.82,615.22,NA,NA,NA,NA,NA,NA,515.51,622.57,559.57,NA,573.4,558.4,562.59,NA,NA,NA
11-2022,712.2,738.53,NA,689.49,693.37,749.25,782.68,713.57,709.84,776.14,781.52,624.29,NA,NA,NA,NA,NA,NA,511.97,630.67,552.43,NA,566.95,551.3,550.67,NA,NA,NA
12-2022,728.78,744.21,NA,704.63,696.32,752.74,791.29,728.78,698.66,769.19,765.63,639.44,NA,NA,NA,NA,NA,NA,521.05,653.99,561.84,NA,584.36,565.09,570.7,NA,NA,NA
01-2023,729.73,743.09,NA,710.62,707.93,770.19,790.57,726.23,695.18,760.65,757.33,654.81,NA,NA,NA,NA,NA,NA,555.28,679.81,600.06,NA,622.16,608.1,594.83,NA,NA,NA
02-2023,719.74,719.94,NA,695.18,679.86,745.96,779.38,709.21,678.9,746.95,741.3,662.98,NA,NA,NA,NA,NA,NA,552.97,671.32,600.1,NA,626.15,606.93,596.88,NA,NA,NA
03-2023,693.32,719.15,NA,680.92,654.57,735.62,782.23,699.16,679.76,742.23,746.12,664.54,NA,NA,NA,NA,NA,NA,546.14,647.92,579.57,NA,615.03,578.73,591.4,NA,NA,NA
04-2023,717.09,737.74,NA,704.94,668.96,750.77,794.68,703.9,694.05,769.35,783.55,660.77,NA,NA,NA,NA,NA,NA,553.89,669.79,585.42,NA,605.94,582.26,585.99,NA,NA,NA
05-2023,703.43,724.09,NA,704.89,666.82,749.76,791.82,706.06,703.83,765.13,781.56,669.8,NA,NA,NA,NA,NA,NA,553.76,672.66,580.95,NA,602.16,587.13,594.32,NA,NA,NA
06-2023,687.33,730.19,NA,669.39,656.02,741,783.05,691.34,701.22,771.54,773.56,659.89,NA,NA,NA,NA,NA,NA,567.11,661.16,604.89,NA,632.27,621.14,595.84,NA,NA,NA
07-2023,687.58,698.31,NA,657.71,652.78,738.12,769.95,674.54,690.31,746.66,777.16,650.42,NA,NA,NA,NA,NA,NA,547.22,661.5,581.31,NA,613.64,592.71,596.04,NA,NA,NA
08-2023,689.98,691.7,NA,641.53,646.02,722.78,748.47,660.88,685.13,743.94,760.59,640.11,NA,NA,NA,NA,NA,NA,542.67,642.68,565.07,NA,581.18,580.72,575.81,NA,NA,NA
09-2023,662.2,675.68,NA,630.95,633.78,719.92,734.77,681.91,681.23,747.64,741.71,633.53,NA,NA,NA,NA,NA,NA,532.34,640.48,562.6,NA,598.99,570.2,571.01,NA,NA,NA
10-2023,647.76,682.97,NA,636.07,627.72,721.17,738.13,675.16,675.01,738.77,739.21,632.92,NA,NA,NA,NA,NA,NA,521.96,648.93,554.88,NA,582.12,557.1,563.1,NA,NA,NA
11-2023,667.58,674.79,NA,648.59,639.68,728.27,749.28,675.45,683.44,747.59,739.18,635.18,NA,NA,NA,NA,NA,NA,516.76,639.91,548.33,NA,567.3,551.04,550.86,NA,NA,NA
12-2023,698.74,697.69,NA,669.36,656.29,738.61,761.01,688.86,697.22,758.5,766.53,645.44,NA,NA,NA,NA,NA,NA,517.26,630.38,542.3,NA,556.06,538.08,560.81,NA,NA,NA
01-2024,742.52,736.76,NA,710.7,724.73,791.77,793.39,719.3,726.23,800.31,791.16,656.78,NA,NA,NA,NA,NA,NA,528.48,618.32,559.77,NA,575.71,550.51,593.26,NA,NA,NA
02-2024,741.91,748.2,NA,707.81,727.46,832.8,808.38,731.83,731.5,783.36,796.81,665.12,NA,NA,NA,NA,NA,NA,534.4,627.67,564.5,NA,579.31,559.68,604.3,NA,NA,NA
03-2024,747.68,730.02,NA,703.57,712.51,812.25,813.26,729.34,728.06,791.21,777.43,667.53,NA,NA,NA,NA,NA,NA,555.22,663.22,583.23,NA,605.33,592.19,620.13,NA,NA,NA
04-2024,727.95,732.75,NA,701.01,712.7,801.15,822.84,726.82,726.64,781.53,775.63,681.45,NA,NA,NA,NA,NA,NA,582.11,714.68,614.75,NA,632.23,617.28,640.12,NA,NA,NA
05-2024,737.37,748.48,NA,704.51,693.39,796.67,826.85,723.91,741.46,801.03,801.45,690.98,NA,NA,NA,NA,NA,NA,579.55,709.9,620.67,NA,640.1,618.47,623.05,NA,NA,NA
06-2024,738.93,748.89,NA,711.43,701.55,814.38,832.69,718.43,754.91,816.06,804.86,695.58,NA,NA,NA,NA,NA,NA,561.96,697.33,597.32,NA,599.29,582.9,613.22,NA,NA,NA
